INSERT INTO daily_words (date, word, theme) VALUES ('2025-11-29', 'DEALS', 'BLACKFRIDAY');
INSERT INTO daily_words (date, word, theme) VALUES ('2025-11-30', 'SNOWS', 'WINTER');
INSERT INTO daily_words (date, word, theme) VALUES ('2025-12-01', 'KRAKE', 'General');
INSERT INTO daily_words (date, word, theme) VALUES ('2025-12-02', 'KRAKE', 'General');
INSERT INTO daily_words (date, word, theme) VALUES ('2025-12-03', 'FROST', 'WINTER');
INSERT INTO daily_words (date, word, theme) VALUES ('2025-12-04', 'STARS', 'General');
INSERT INTO wordle_scores (id, date, player_name, guesses) VALUES (1, '2025-11-29', 'KATIE', 5);
INSERT INTO game_state (date, player_name, guesses) VALUES ('2025-11-29', 'KATIE', '["STARE", "CHUNK", "BLIMP", "LEASE", "DEALS"]');
INSERT INTO game_state (date, player_name, guesses) VALUES ('2025-11-29', 'KRAKEN', '["TREES"]');
INSERT INTO game_state (date, player_name, guesses) VALUES ('2025-12-01', 'ALLIE', '["TRAIN", "CRASH", "FRAME", "DRAPE", "BRAKE"]');
INSERT INTO game_state (date, player_name, guesses) VALUES ('2025-12-01', 'KRAKEN', '["TRASH", "BRAKE", "DRAKE", "CRAKE"]');
INSERT INTO daily_connections (date, theme, puzzle_data, created_at) VALUES ('2025-11-29', 'General', '{"theme": "General", "categories": [{"name": "TYPES OF BEANS", "words": ["LIMA", "KIDNEY", "PINTO", "NAVY"], "difficulty": 1}, {"name": "WORDS THAT CAN FOLLOW ''RIGHT''", "words": ["ANGLE", "HAND", "AWAY", "HERE"], "difficulty": 2}, {"name": "THINGS THAT ARE ''PRESSED''", "words": ["JUICE", "IRON", "FLOWER", "BUTTON"], "difficulty": 3}, {"name": "WORDS WITH REPEATED CONSONANTS", "words": ["BILLION", "SHILL", "FLUFFY", "BUBBLE"], "difficulty": 4}]}', '2025-11-29 18:40:38');
INSERT INTO daily_connections (date, theme, puzzle_data, created_at) VALUES ('2025-11-30', 'General', '{"theme": "General", "categories": [{"name": "TYPES OF BEANS", "words": ["LIMA", "PINTO", "KIDNEY", "NAVY"], "difficulty": 1}, {"name": "WORDS THAT CAN FOLLOW ''RIGHT''", "words": ["ANGLE", "HAND", "AWAY", "TURN"], "difficulty": 2}, {"name": "THINGS OFTEN BROKEN", "words": ["HEART", "RECORD", "PROMISE", "LEG"], "difficulty": 3}, {"name": "WORDS CONTAINING ''EE''", "words": ["GREEN", "SLEEVE", "TEETH", "CREEK"], "difficulty": 4}]}', '2025-11-30 08:01:59');
INSERT INTO daily_connections (date, theme, puzzle_data, created_at) VALUES ('2025-12-01', 'General', '{"theme": "General", "categories": [{"name": "TYPES OF TREES", "words": ["MAPLE", "BIRCH", "PINE", "OAK"], "difficulty": 1}, {"name": "ITEMS WITH BANDS", "words": ["WATCH", "RUBBER", "TIE", "BRACELET"], "difficulty": 2}, {"name": "FOLLOWED BY BOARD", "words": ["GAME", "SKI", "SNOW", "VISION"], "difficulty": 3}, {"name": "WORDS CONTAINING ''AIR''", "words": ["CHAIR", "PAIR", "REPAIR", "AFFAIR"], "difficulty": 4}]}', '2025-12-01 16:14:36');
INSERT INTO daily_connections (date, theme, puzzle_data, created_at) VALUES ('2025-12-02', 'General', '{"theme": "General", "categories": [{"name": "TYPES OF TREES", "words": ["MAPLE", "OAK", "PINE", "ELM"], "difficulty": 1}, {"name": "TO RAISE", "words": ["RISE", "REAR", "LIFT", "GROW"], "difficulty": 2}, {"name": "BEFORE TEA", "words": ["EARL", "DUKE", "LORD", "KING"], "difficulty": 3}, {"name": "CONTAIN ''IGHT''", "words": ["NIGHT", "FLIGHT", "SIGHT", "RIGHT"]}]}', '2025-12-02 21:06:44');
INSERT INTO daily_connections (date, theme, puzzle_data, created_at) VALUES ('2025-12-03', 'General', '{"theme": "General", "categories": [{"name": "TYPES OF BEANS", "words": ["LIMA", "PINTO", "NAVY", "BLACK"], "difficulty": 1}, {"name": "WORDS THAT CAN FOLLOW ''HEAD''", "words": ["ACHE", "REST", "TURN", "START"], "difficulty": 2}, {"name": "THINGS THAT ARE BRUISED", "words": ["PEACH", "EGO", "APPLE", "KNEE"], "difficulty": 3}, {"name": "WORDS CONTAINING A ''DUO''", "words": ["STUDIO", "RUDIMENT", "AUDIENCE", "FLUIDS"], "difficulty": 4}]}', '2025-12-03 08:01:32');
INSERT INTO daily_connections (date, theme, puzzle_data, created_at) VALUES ('2025-12-04', 'General', '{"theme": "General", "categories": [{"name": "TYPES OF DRILLS", "words": ["AUGER", "BRACE", "REAMER", "TWIST"], "difficulty": 1}, {"name": "ITEMS CAST SHADOWS", "words": ["CLOUD", "ECLIPSE", "SILHOUETTE", "UMBRA"], "difficulty": 2}, {"name": "_____ TAX", "words": ["INCOME", "PROPERTY", "SALES", "STATE"], "difficulty": 3}, {"name": "PALINDROMIC PREFIXES", "words": ["REDO", "REFER", "REPOP", "REVIVE"], "difficulty": 4}]}', '2025-12-04 08:24:41');
INSERT INTO daily_contexto (date, secret_word, theme, nearby_words, created_at) VALUES ('2025-11-29', 'GIFT', 'General', '{"embedding": [-0.4482523798942566, 0.2646450996398926, 0.19841834902763367, 0.1499018371105194, -1.2295966148376465, -0.06408044695854187, 0.6093600392341614, 0.8486704230308533, 0.2637847065925598, -0.09213238209486008, 0.24545975029468536, 0.0102023184299469, -0.11110784113407135, 0.32596445083618164, -0.5033290386199951, -0.21659231185913086, -0.2412838339805603, -0.7312827110290527, -0.3453769385814667, 0.19128704071044922, 0.24498893320560455, 0.688995361328125, -1.4433425664901733, -0.445004403591156, 0.24535754323005676, 0.2169743925333023, 0.1271824985742569, 0.26403117179870605, 1.0199334621429443, 0.8191412091255188, -0.6907788515090942, 0.03782840073108673, 0.4455815255641937, -1.1585026979446411, 0.03961556777358055, -0.6948041915893555, 0.2698662281036377, -0.4272223711013794, -0.015251286327838898, -0.9790922403335571, 0.2207770198583603, -0.7932447195053101, 0.7447487115859985, 0.6345425248146057, -0.836132824420929, 0.021554268896579742, -0.12052672356367111, -1.0352833271026611, 0.038541704416275024, -1.0960904359817505, 0.5856333374977112, -0.6096833944320679, -0.00713174045085907, -0.27166837453842163, 0.7964086532592773, -0.14247170090675354, 0.10812684893608093, -0.6119253039360046, 0.09540416300296783, 0.7455784678459167, 0.7532867193222046, -0.7143850922584534, 0.40810370445251465, -0.8068369626998901, 0.36640647053718567, 0.48727697134017944, -0.22966274619102478, -0.6114076972007751, -0.3204852044582367, 0.004456445574760437, 0.07339082658290863, 0.10197173804044724, -0.05890326946973801, -0.4479769468307495, 0.06924423575401306, 0.048342760652303696, 0.04366212710738182, 0.8711364269256592, -0.8604248762130737, 0.3264046907424927, 0.9514983296394348, 0.27907028794288635, 0.13027986884117126, -0.4812970757484436, -0.6866965889930725, -0.08428945392370224, 0.3540617823600769, -0.010832670144736767, 0.16661155223846436, -0.03660769760608673, -0.37632331252098083, 0.5611329674720764, 0.3729480504989624, -0.11257621645927429, 0.733424961566925, 0.6403665542602539, -0.16711217164993286, 0.6308673620223999, -0.5554895997047424, 0.09988899528980255, -0.00828983448445797, -0.16003075242042542, 0.43272560834884644, 1.0905070304870605, 0.030405119061470032, 0.33521825075149536, 0.26902416348457336, 0.35599735379219055, -0.4739903211593628, -0.15970072150230408, 0.12746863067150116, -0.5938214659690857, 0.3982182741165161, 0.23121732473373413, -0.5846063494682312, 1.0715285539627075, -0.45425236225128174, 0.4809018075466156, -0.6437711119651794, 0.19171755015850067, 0.19741395115852356, 0.34189656376838684, -0.054820701479911804, -0.01128874160349369, 0.3315957188606262, -0.6033228635787964, -0.26216647028923035, 0.4253387749195099, 0.2232893407344818, -0.3530140817165375, 0.46346256136894226, -0.23407474160194397, -0.03760360926389694, 0.5143327713012695, 0.28981825709342957, 0.10670522600412369, -0.3276106119155884, 0.4373868405818939, 0.5139980316162109, -0.7607419490814209, 0.2265082448720932, 0.47332215309143066, -0.011930998414754868, 1.535666823387146, -0.4437684118747711, 0.3650350570678711, 0.3623039722442627, 0.47855061292648315, -0.592642068862915, 0.110686756670475, -0.570783793926239, 0.14222800731658936, -0.38451966643333435, 1.019424319267273, -0.0008120536804199219, 0.23048338294029236, -0.08275534212589264, -0.43268972635269165, 0.29250001907348633, 0.17016391456127167, -0.6095356345176697, 0.4428057372570038, -0.47088396549224854, 1.1051076650619507, 0.2652944326400757, 0.32777640223503113, -0.605858564376831, 0.12392918765544891, -0.3954024314880371, 0.030183203518390656, -0.0631335973739624, 0.12548381090164185, -0.5426104068756104, -0.05185350775718689, -0.08384310454130173, 0.49519264698028564, 0.7995594143867493, -0.07535845041275024, 0.7911001443862915, 0.14931023120880127, -0.21187125146389008, 0.8886615633964539, 0.7383955717086792, 0.8162638545036316, 0.8536006808280945, 0.39421403408050537, -0.3112121820449829, -0.2488562911748886, -0.1820119172334671, -0.4968566298484802, -0.5092518925666809, 0.04135169833898544, 0.04895380884408951, 0.6227311491966248, -0.5812386870384216, 0.5733315944671631, -0.2135320007801056, -1.2508960962295532, 0.11570368707180023, -1.185614824295044, -0.5485010147094727, 0.28461310267448425, -0.538336455821991, 0.6029861569404602, -0.5523487329483032, -1.0706548690795898, 0.6916183233261108, 0.5558657646179199, -0.15238317847251892, -0.36944425106048584, 0.3830921947956085, 0.9350172877311707, -0.026611873880028725, -0.08134086430072784, 0.3643539845943451, 0.07569578289985657, -0.35153812170028687, 0.7492563724517822, -1.2566514015197754, 0.30596596002578735, 0.06948425620794296, 0.4069364070892334, 0.4942407011985779, 0.42992374300956726, -0.29800155758857727, -0.2487611174583435, -0.08304082602262497, 0.5886406898498535, -0.7465776801109314, 0.45800063014030457, -0.95811927318573, 0.8478285074234009, -0.28130996227264404, 0.7744815945625305, 1.4533847570419312, 0.2113376408815384, 0.3504255712032318, 0.1950075328350067, 0.15057770907878876, 0.167343869805336, -0.04734683036804199, -0.4680213928222656, 0.3318963646888733, -0.25201770663261414, -0.37990275025367737, 0.11385159194469452, 0.45766717195510864, -0.05621904879808426, -0.5200338363647461, 0.4589903652667999, -0.23110336065292358, -0.001722484827041626, 0.33477410674095154, 0.4179301857948303, 0.1683100461959839, 0.29852527379989624, 0.7422481179237366, 1.0047314167022705, 0.3458385467529297, -0.1693817377090454, -0.2039216011762619, 0.3012787699699402, 0.15508757531642914, 0.4826838970184326, 0.42878779768943787, 0.27880537509918213, 0.35378846526145935, 0.19469164311885834, -0.5529948472976685, -0.7014376521110535, -0.1660802662372589, -0.8853969573974609, -0.8054827451705933, -0.734282374382019, -0.3101784884929657, -0.028768133372068405, 1.1987944841384888, -0.8139060735702515, 0.8417240381240845, 0.035197846591472626, 0.016496464610099792, -0.14077934622764587, -0.2550225853919983, 0.33501705527305603, 0.4126845896244049, 0.9662734866142273, -0.9484958052635193, 0.00679478794336319, 0.6169583201408386, 0.8883625268936157, -0.8928708434104919, -0.018687676638364792, 0.618841826915741, -0.04088408872485161, 0.1018189787864685, 0.026669196784496307, -0.7756751775741577, -0.12289297580718994, -0.8530330061912537, -0.8109914660453796, 0.14587165415287018, 0.5245354175567627, -0.012932898476719856, 0.0431644544005394, -0.9541530609130859, 0.06088581681251526, 0.10185987502336502, -0.11317694932222366, 0.7147088646888733, 0.08101043850183487, -0.6362326741218567, 0.15040233731269836, 0.5841273069381714, -0.09737344086170197, -1.0634478330612183, 0.32919201254844666, -0.13396409153938293, 0.8197634220123291, -1.0270603895187378, 0.6183883547782898, -0.5019372701644897, -0.13889765739440918, -0.5234111547470093, -0.07295531034469604, -0.48817121982574463, 0.14464284479618073, -0.19058164954185486, -0.7895893454551697, -0.07932458072900772, -0.1514027714729309, -1.036331057548523, -0.21864087879657745, -0.8910902738571167, 0.4197167754173279, -0.013959236443042755, 0.2338465452194214, 0.02170516923069954, -0.674444854259491, 0.5163676738739014, -0.4879527688026428, 1.2901009321212769, -0.6996482014656067, 0.3734167814254761, 0.7503251433372498, 0.009669022634625435, -0.7265000939369202, 0.2708944082260132, -0.31690239906311035, -0.8202507495880127, 0.325313925743103, 0.1716320961713791, -0.216417595744133, 0.17403091490268707, 0.12105414271354675, 0.38378027081489563, 1.0455814599990845, -0.47159793972969055, -0.013942435383796692, 0.8551647663116455, 0.8589910864830017, -0.25106164813041687, -0.1929660141468048, 0.25178688764572144, -0.6624778509140015, -0.06596044450998306, -1.0568511486053467, 0.39048030972480774, 0.05488944798707962, -0.031204581260681152, -1.0913431644439697, 0.10880853980779648, 0.0815683975815773, -0.7659908533096313, 0.36139392852783203, -0.6412758231163025, 0.4553965926170349, 0.2728763818740845, -0.6041322350502014, -0.22782450914382935, -1.1259077787399292, -0.31379011273384094, -0.7637874484062195, 0.551247775554657, 0.17991171777248383, 0.49220341444015503, 0.6288406848907471, -0.3911374509334564, 0.5638844966888428, -0.6080132722854614, -0.9603348970413208, -0.3634125590324402, -0.21233004331588745, 0.2499159574508667, -0.621931254863739, -0.5532562732696533, -0.9833899736404419, 0.2258589267730713, -0.3956862986087799, 0.3106771409511566, -0.03466060757637024, 0.0767935961484909, 0.5225769877433777, 0.348602294921875, 0.4317242205142975, -0.38013914227485657, 0.22686275839805603, 0.055162858217954636, 1.0314099788665771, 0.5314056277275085, -0.29274308681488037, -0.4925747215747833, 0.17908501625061035, -0.9558200836181641, 0.5481730103492737, 0.3427271842956543, -0.3806474208831787, -0.030966617166996002, 0.07593915611505508, 0.15612292289733887, 0.041791997849941254, -0.7835062742233276, -0.3086942434310913, -0.4460900127887726, -0.20180398225784302, 0.03411542996764183, -1.1317601203918457, 0.1530601978302002, -0.8370311856269836, -0.09927810728549957, 0.7494047284126282, 0.18675589561462402, -0.11881507933139801, 0.7746182680130005, -0.028180792927742004, -0.28419405221939087, 0.3748144507408142, 0.50027996301651, -0.42468491196632385, 0.23397305607795715, -1.154269814491272, 0.9127379655838013, 0.7588250637054443, 0.179190531373024, -0.21037200093269348, -0.008942842483520508, 0.42217159271240234, -0.16950057446956635, -0.14809152483940125, -0.5091801881790161, -0.4891431927680969, 0.874914288520813, -1.0809999704360962, 0.44989529252052307, 0.09676104038953781, -0.06548046320676804, -0.2790232002735138, 0.3710327446460724, 0.6630166172981262, 0.27666372060775757, -1.0039615631103516, 0.11866868287324905, -0.5564936399459839, 0.2648440897464752, -0.30852648615837097, -0.741666316986084, 1.0121902227401733, 0.1723651885986328, -0.367457777261734, 0.4244658946990967, 0.7345531582832336, 0.014517759904265404, 0.16609293222427368, 0.7367240786552429, -0.6791272759437561, 0.3150232434272766, 0.42159542441368103, 0.05130258947610855, -0.4585317373275757, -0.23976251482963562, 0.42663049697875977, -0.7422232627868652, 0.028655264526605606, -0.15685904026031494, 0.21758106350898743, -0.2367672622203827, -0.9058495759963989, -0.48007890582084656, 0.33680737018585205, -0.746304452419281, -0.021435871720314026, -0.3806961476802826, -0.4988558888435364, 0.6190565228462219, 0.6179349422454834, 0.3521841764450073, 0.21939513087272644, -0.9947212338447571, 0.05719255656003952, 0.26842841506004333, 0.6583620309829712, 0.6315714716911316, -0.33584895730018616, -0.209497332572937, 0.6475634574890137, -0.05982455983757973, -0.6407649517059326, -0.7280918955802917, 0.26536068320274353, -0.7466123700141907, -0.09658408164978027, -0.1446961760520935, 0.5755833387374878, -0.9647749662399292, -0.09533889591693878, 0.714954674243927, 1.2193779945373535, 0.18111398816108704, 0.4591597020626068, -0.22489802539348602, 0.5789663195610046, 0.47131529450416565, -0.6286798119544983, -0.37796106934547424, 0.8604443669319153, -0.617889404296875, 1.0067851543426514, 0.6790973544120789, 0.10976134240627289, -1.0078809261322021, -0.4456082880496979, -0.3374030590057373, -0.6510513424873352, -0.1290256530046463, -0.7698435187339783, -0.01879991963505745, -0.4873216450214386, 0.9946841597557068, -0.11192775517702103, -0.058430690318346024, 0.18265686929225922, -0.69462651014328, -0.5265112519264221, -0.23208993673324585, -0.36013415455818176, -1.1040799617767334, 0.6496731042861938, -0.3670388460159302, 0.767990231513977, -0.23700489103794098, 0.4568873345851898, -1.0276060104370117, 0.6789247989654541, 0.04340510442852974, 0.09743314981460571, -0.18602657318115234, -0.11753087490797043, 0.24238140881061554, -0.17563974857330322, 0.16884027421474457, -0.037275031208992004, -0.833879292011261, 0.46543970704078674, -0.7966572046279907, -0.2202657163143158, -0.049486175179481506, -0.3407714068889618, -0.41136932373046875, -0.528461217880249, 0.5620923042297363, -0.34156566858291626, 0.2241854965686798, -0.6452260613441467, 0.6937940716743469, 0.6260151267051697, 0.5414496064186096, -0.6705394387245178, -0.9557515978813171, -1.2013297080993652, -1.3110361099243164, 0.4324929118156433, -0.03876370191574097, -0.3509601950645447, -0.5600605607032776, -0.2530180513858795, 0.9365907907485962, 0.13237670063972473, 0.29778575897216797, 1.9303961992263794, -0.1367887407541275, -0.04626939445734024, -1.1628787517547607, 1.1732507944107056, 0.620048999786377, 0.2672136723995209, -0.7515630125999451, -0.4199798107147217, -0.6838436126708984, -0.31778284907341003, -0.17817051708698273, -0.9607159495353699, -1.0275799036026, 0.6917091012001038, 0.791812539100647, -0.2240166813135147, 1.0540417432785034, -0.513445258140564, -0.37575697898864746, -0.6470953226089478, 0.7764453291893005, 0.9757170677185059, -0.5260105729103088, 0.8862147331237793, 0.44524237513542175, -0.2543979585170746, 0.047703322023153305, -0.5317819714546204, -0.6223068833351135, -0.24618011713027954, 0.5120624899864197, 0.24522459506988525, -1.2131603956222534, 0.5897018313407898, 1.3693428039550781, -1.1831246614456177, -0.2319127321243286, -0.18622490763664246, -0.29720479249954224, 0.024136539548635483, -0.1478436440229416, -0.09064764529466629, 0.4986034631729126, -0.29074177145957947, 0.43516141176223755, -0.03360776603221893, 0.32384300231933594, 0.869048535823822, -0.41797080636024475, 0.7049874067306519, -0.6001748442649841, -0.7217218279838562, 0.8331047296524048, 0.06618628650903702, -0.45769041776657104, -0.20548926293849945, 0.020694643259048462, -0.5135531425476074, 0.39848092198371887, 1.312943935394287, -0.11673782765865326, 0.34492212533950806, 0.5434802770614624, 0.2874431908130646, 0.824669599533081, 0.16266772150993347, -0.08534005284309387, 0.5566661357879639, -0.01494267676025629, -0.15226441621780396, -0.25535252690315247, 0.5828450918197632, -0.6007769107818604, -0.3415772616863251, -0.4470940828323364, -0.08076255768537521, 0.546384334564209, 0.790327787399292, 0.21270634233951569, -0.4106670916080475, -0.5851403474807739, -0.37343916296958923, -0.879146158695221, -0.6211389303207397, -0.5662837028503418, 0.33057647943496704, 0.8305039405822754, 0.37992674112319946, -0.17145058512687683, 0.44303905963897705, 0.9259909987449646, -0.9957537651062012, 0.5630923509597778, -0.4345758557319641, 0.6839091777801514, -0.8493965864181519, -1.6603269577026367, -0.8165597319602966, 0.04866135120391846, -1.2294327020645142, 0.30856242775917053, -0.21530121564865112, 0.1489112675189972, -0.924517810344696, 0.923017144203186, 0.7129273414611816, 0.011617660522460938, 0.4140292704105377, -0.46374866366386414, 0.4476907253265381, 1.2335600852966309, 0.43980661034584045, 0.07145491987466812, 0.47950130701065063, -0.4534011781215668, 0.6214486956596375, -0.31980034708976746, -0.5047053098678589, -0.33728089928627014, 0.13730579614639282, 0.03898632153868675, -0.19327786564826965, -0.5609862804412842, -1.048040747642517, -0.232542484998703, -0.40740683674812317, 0.03450583666563034, -0.7640987038612366, 0.7807697057723999, -0.5181534290313721, 0.034623339772224426, -0.5559122562408447, 0.6021432876586914, 0.26899176836013794, 0.45196324586868286, 0.1998601257801056, 0.18972380459308624, -0.15381625294685364, -0.055549636483192444, 0.45227399468421936, 0.9926146864891052, 0.708869993686676, -0.38070523738861084, -0.7387874126434326, 0.232065811753273, 0.19984519481658936, 0.7921507358551025, -0.3356284499168396, -0.493823766708374, -0.8407480716705322, -0.22112590074539185, 0.5600548982620239, 0.024563327431678772, 0.900728702545166, -0.5346099734306335, 0.6273168921470642, -0.11667156219482422, -0.4307871460914612, 0.004902778659015894, -0.4996137022972107, -0.4708574414253235, 0.7397317290306091, -0.02016117423772812, -0.3610101640224457, 0.2995835542678833, -0.5058145523071289, -0.08663011342287064, 0.16231679916381836, -0.18803735077381134, -0.13566699624061584, 0.21424630284309387, 0.02468457631766796, 0.37699076533317566, 0.36918437480926514, -0.11818210780620575, 0.1671495884656906, 1.3173208236694336, -0.13165313005447388, -0.8361834287643433, 0.6206478476524353, 0.24183166027069092, 0.03366469591856003, -0.286618709564209, -0.37561336159706116, 0.7499439120292664, 0.21344566345214844, -0.6510791778564453, -0.538816511631012, -0.10282915830612183, 0.6693348288536072, 0.4722660481929779, -0.15947334468364716, 0.595219075679779, -0.8223652839660645, 0.37310758233070374, 0.2892014682292938, -0.39186203479766846, -0.972732663154602, 1.066462516784668, 0.44901934266090393, -0.358069509267807, 0.5943118333816528, -0.06475310027599335, 0.3435339033603668, -0.4313840866088867, -0.5299617648124695, -0.5094090104103088, 0.5740514397621155, 0.4587549567222595, 1.028747797012329, 0.35640209913253784, 0.18777652084827423, 0.09336597472429276, -0.3537735342979431, 0.5362303256988525, 0.20507419109344482, 0.5368337631225586, 0.004480455070734024, 0.3794357478618622, 0.3338778614997864, -0.1463555246591568, 0.3889402151107788, -0.11210735142230988, 0.24048016965389252, -0.12568384408950806, 0.23747898638248444, -0.1207330971956253, -0.017334267497062683, 0.866287112236023, -0.11316125094890594, 0.6671773195266724, -0.39866524934768677, 0.13445207476615906, -0.005336238071322441, 0.4259302318096161, 0.0824328362941742, 0.22079840302467346, 1.087109088897705, 0.17047999799251556, 0.0898377001285553, -0.13185416162014008, -0.04511116445064545, -0.15635262429714203, -0.8949280381202698, 0.10383420437574387, -0.5494943261146545, -0.04512747377157211, 0.09949371218681335, -0.2128252536058426, -1.1875014305114746, 0.8137622475624084, -0.03637784719467163, -0.15228213369846344, 0.11033464968204498, -0.5185290575027466, 0.13960735499858856, -0.5236343741416931, 1.203729510307312, -0.1340217888355255, -0.15864676237106323, 0.021272538229823112, -0.34743085503578186, -0.21213026344776154, -0.2853541672229767, -0.09170440584421158, 0.6232940554618835, 0.260290265083313, 0.5584044456481934, -0.2746950387954712, -0.3680163621902466, 0.09497526288032532, -0.37472811341285706, -0.8233968615531921, 0.08615556359291077, 0.11234082281589508, -0.6932788491249084, 0.13779132068157196, -1.2674250602722168, 0.5355071425437927, -0.5314081311225891, -0.2399415671825409, 0.03758061304688454, 0.6247668266296387, -0.2276233732700348, -0.9388808012008667, -0.5904836058616638, 0.31711703538894653, -0.1448468118906021, 0.5358350276947021, 0.630603551864624, 0.6373103260993958, -0.08822819590568542, 0.04464899003505707, -0.40882182121276855, -0.38464057445526123, 0.2539830505847931, -0.881720781326294, 1.0904722213745117, -0.189549058675766, -0.7948459982872009, -0.6400985717773438, -0.7787225842475891, -0.1721256673336029, 0.19000768661499023, -0.6130623817443848, -0.3923032879829407, 0.47667115926742554, 0.13303998112678528, -0.34949976205825806, 0.07972580194473267, 0.20677399635314941, -0.33252236247062683, 0.5378230810165405, 0.4296627640724182, -0.47921478748321533, 0.9212310314178467, 0.12306277453899384, -0.38324490189552307, 0.006041213870048523, -0.2596777677536011, 0.5215598940849304, -0.4621965289115906, 0.0513080358505249, -0.8776320815086365, 0.5787989497184753, 0.5388560891151428, -0.5679205060005188, -0.2930440306663513, 0.18315286934375763, 0.4276314973831177, -0.07363274693489075, -1.25101900100708, -0.19547630846500397, -0.8253163695335388, -0.357868492603302, -0.5582916140556335, 0.6369152069091797, 0.016009964048862457, 0.16978543996810913, 0.042696330696344376, -1.1901572942733765, 3.897736072540283, 1.1350761651992798, 0.3729288578033447, 0.3928334712982178, 0.8858860731124878, 1.8071517944335938, -0.1314629763364792, -0.35053324699401855, 0.12027224153280258, -0.016593534499406815, 0.5660666227340698, 0.17450939118862152, 0.7847335934638977, -0.06288616359233856, 0.08209023624658585, 1.0324068069458008, -0.5273692011833191, -0.0928727388381958, -0.597076416015625, -0.7512918710708618, -0.4777379333972931, 0.28783389925956726, -0.052953146398067474, 0.4388338327407837, 0.05908741056919098, -0.5322186946868896, 0.031369149684906006, -0.2609729766845703, 0.16202546656131744, -0.35226932168006897, 0.1728660762310028, -0.4879249334335327, 0.5483019351959229, -0.5173138380050659, -0.7930691838264465, 0.3835448622703552, 0.2205510139465332, -1.1819713115692139, -0.44456517696380615, 0.24127894639968872, -0.3341074585914612, -0.08947473764419556, 0.606873631477356, -0.8382298946380615, 0.45893213152885437, 0.31935957074165344, -0.542499840259552, 0.5905417799949646, -0.24690602719783783, -0.2677608132362366, 1.2399208545684814, -0.5015385150909424, -0.07864724099636078, -0.5446020364761353, -0.6751419305801392, 0.5763527154922485, 0.5426766276359558, -0.052050113677978516, -0.05414815992116928, 0.2544599771499634, -0.1445143222808838, 0.004015043377876282, -0.0755176767706871, 0.029378287494182587, -0.6531590819358826, 0.522800087928772, 0.849109947681427, 0.6183729767799377, -0.6088398694992065, -0.5769370794296265, -0.3731914758682251, -0.8799004554748535, -1.1714445352554321, -0.6285568475723267, 0.08037896454334259, -0.6336131691932678, -0.7305682301521301, -0.03932421654462814, 0.1947665959596634, -1.0409126281738281, -0.15684980154037476, -0.5726070404052734, 0.16633304953575134, -0.18126428127288818, 0.2990037798881531, 0.1500345766544342, -0.3171694278717041, -0.29251188039779663, -0.48931410908699036, 0.7206205129623413, 1.3148961067199707, 0.2401476800441742, -0.6050228476524353, 0.6584703922271729, 0.579917848110199]}', '2025-11-29 22:55:24');
INSERT INTO daily_contexto (date, secret_word, theme, nearby_words, created_at) VALUES ('2025-11-30', 'GIFT', 'General', '{"embedding": [-0.4482523798942566, 0.2646450996398926, 0.19841834902763367, 0.1499018371105194, -1.2295966148376465, -0.06408044695854187, 0.6093600392341614, 0.8486704230308533, 0.2637847065925598, -0.09213238209486008, 0.24545975029468536, 0.0102023184299469, -0.11110784113407135, 0.32596445083618164, -0.5033290386199951, -0.21659231185913086, -0.2412838339805603, -0.7312827110290527, -0.3453769385814667, 0.19128704071044922, 0.24498893320560455, 0.688995361328125, -1.4433425664901733, -0.445004403591156, 0.24535754323005676, 0.2169743925333023, 0.1271824985742569, 0.26403117179870605, 1.0199334621429443, 0.8191412091255188, -0.6907788515090942, 0.03782840073108673, 0.4455815255641937, -1.1585026979446411, 0.03961556777358055, -0.6948041915893555, 0.2698662281036377, -0.4272223711013794, -0.015251286327838898, -0.9790922403335571, 0.2207770198583603, -0.7932447195053101, 0.7447487115859985, 0.6345425248146057, -0.836132824420929, 0.021554268896579742, -0.12052672356367111, -1.0352833271026611, 0.038541704416275024, -1.0960904359817505, 0.5856333374977112, -0.6096833944320679, -0.00713174045085907, -0.27166837453842163, 0.7964086532592773, -0.14247170090675354, 0.10812684893608093, -0.6119253039360046, 0.09540416300296783, 0.7455784678459167, 0.7532867193222046, -0.7143850922584534, 0.40810370445251465, -0.8068369626998901, 0.36640647053718567, 0.48727697134017944, -0.22966274619102478, -0.6114076972007751, -0.3204852044582367, 0.004456445574760437, 0.07339082658290863, 0.10197173804044724, -0.05890326946973801, -0.4479769468307495, 0.06924423575401306, 0.048342760652303696, 0.04366212710738182, 0.8711364269256592, -0.8604248762130737, 0.3264046907424927, 0.9514983296394348, 0.27907028794288635, 0.13027986884117126, -0.4812970757484436, -0.6866965889930725, -0.08428945392370224, 0.3540617823600769, -0.010832670144736767, 0.16661155223846436, -0.03660769760608673, -0.37632331252098083, 0.5611329674720764, 0.3729480504989624, -0.11257621645927429, 0.733424961566925, 0.6403665542602539, -0.16711217164993286, 0.6308673620223999, -0.5554895997047424, 0.09988899528980255, -0.00828983448445797, -0.16003075242042542, 0.43272560834884644, 1.0905070304870605, 0.030405119061470032, 0.33521825075149536, 0.26902416348457336, 0.35599735379219055, -0.4739903211593628, -0.15970072150230408, 0.12746863067150116, -0.5938214659690857, 0.3982182741165161, 0.23121732473373413, -0.5846063494682312, 1.0715285539627075, -0.45425236225128174, 0.4809018075466156, -0.6437711119651794, 0.19171755015850067, 0.19741395115852356, 0.34189656376838684, -0.054820701479911804, -0.01128874160349369, 0.3315957188606262, -0.6033228635787964, -0.26216647028923035, 0.4253387749195099, 0.2232893407344818, -0.3530140817165375, 0.46346256136894226, -0.23407474160194397, -0.03760360926389694, 0.5143327713012695, 0.28981825709342957, 0.10670522600412369, -0.3276106119155884, 0.4373868405818939, 0.5139980316162109, -0.7607419490814209, 0.2265082448720932, 0.47332215309143066, -0.011930998414754868, 1.535666823387146, -0.4437684118747711, 0.3650350570678711, 0.3623039722442627, 0.47855061292648315, -0.592642068862915, 0.110686756670475, -0.570783793926239, 0.14222800731658936, -0.38451966643333435, 1.019424319267273, -0.0008120536804199219, 0.23048338294029236, -0.08275534212589264, -0.43268972635269165, 0.29250001907348633, 0.17016391456127167, -0.6095356345176697, 0.4428057372570038, -0.47088396549224854, 1.1051076650619507, 0.2652944326400757, 0.32777640223503113, -0.605858564376831, 0.12392918765544891, -0.3954024314880371, 0.030183203518390656, -0.0631335973739624, 0.12548381090164185, -0.5426104068756104, -0.05185350775718689, -0.08384310454130173, 0.49519264698028564, 0.7995594143867493, -0.07535845041275024, 0.7911001443862915, 0.14931023120880127, -0.21187125146389008, 0.8886615633964539, 0.7383955717086792, 0.8162638545036316, 0.8536006808280945, 0.39421403408050537, -0.3112121820449829, -0.2488562911748886, -0.1820119172334671, -0.4968566298484802, -0.5092518925666809, 0.04135169833898544, 0.04895380884408951, 0.6227311491966248, -0.5812386870384216, 0.5733315944671631, -0.2135320007801056, -1.2508960962295532, 0.11570368707180023, -1.185614824295044, -0.5485010147094727, 0.28461310267448425, -0.538336455821991, 0.6029861569404602, -0.5523487329483032, -1.0706548690795898, 0.6916183233261108, 0.5558657646179199, -0.15238317847251892, -0.36944425106048584, 0.3830921947956085, 0.9350172877311707, -0.026611873880028725, -0.08134086430072784, 0.3643539845943451, 0.07569578289985657, -0.35153812170028687, 0.7492563724517822, -1.2566514015197754, 0.30596596002578735, 0.06948425620794296, 0.4069364070892334, 0.4942407011985779, 0.42992374300956726, -0.29800155758857727, -0.2487611174583435, -0.08304082602262497, 0.5886406898498535, -0.7465776801109314, 0.45800063014030457, -0.95811927318573, 0.8478285074234009, -0.28130996227264404, 0.7744815945625305, 1.4533847570419312, 0.2113376408815384, 0.3504255712032318, 0.1950075328350067, 0.15057770907878876, 0.167343869805336, -0.04734683036804199, -0.4680213928222656, 0.3318963646888733, -0.25201770663261414, -0.37990275025367737, 0.11385159194469452, 0.45766717195510864, -0.05621904879808426, -0.5200338363647461, 0.4589903652667999, -0.23110336065292358, -0.001722484827041626, 0.33477410674095154, 0.4179301857948303, 0.1683100461959839, 0.29852527379989624, 0.7422481179237366, 1.0047314167022705, 0.3458385467529297, -0.1693817377090454, -0.2039216011762619, 0.3012787699699402, 0.15508757531642914, 0.4826838970184326, 0.42878779768943787, 0.27880537509918213, 0.35378846526145935, 0.19469164311885834, -0.5529948472976685, -0.7014376521110535, -0.1660802662372589, -0.8853969573974609, -0.8054827451705933, -0.734282374382019, -0.3101784884929657, -0.028768133372068405, 1.1987944841384888, -0.8139060735702515, 0.8417240381240845, 0.035197846591472626, 0.016496464610099792, -0.14077934622764587, -0.2550225853919983, 0.33501705527305603, 0.4126845896244049, 0.9662734866142273, -0.9484958052635193, 0.00679478794336319, 0.6169583201408386, 0.8883625268936157, -0.8928708434104919, -0.018687676638364792, 0.618841826915741, -0.04088408872485161, 0.1018189787864685, 0.026669196784496307, -0.7756751775741577, -0.12289297580718994, -0.8530330061912537, -0.8109914660453796, 0.14587165415287018, 0.5245354175567627, -0.012932898476719856, 0.0431644544005394, -0.9541530609130859, 0.06088581681251526, 0.10185987502336502, -0.11317694932222366, 0.7147088646888733, 0.08101043850183487, -0.6362326741218567, 0.15040233731269836, 0.5841273069381714, -0.09737344086170197, -1.0634478330612183, 0.32919201254844666, -0.13396409153938293, 0.8197634220123291, -1.0270603895187378, 0.6183883547782898, -0.5019372701644897, -0.13889765739440918, -0.5234111547470093, -0.07295531034469604, -0.48817121982574463, 0.14464284479618073, -0.19058164954185486, -0.7895893454551697, -0.07932458072900772, -0.1514027714729309, -1.036331057548523, -0.21864087879657745, -0.8910902738571167, 0.4197167754173279, -0.013959236443042755, 0.2338465452194214, 0.02170516923069954, -0.674444854259491, 0.5163676738739014, -0.4879527688026428, 1.2901009321212769, -0.6996482014656067, 0.3734167814254761, 0.7503251433372498, 0.009669022634625435, -0.7265000939369202, 0.2708944082260132, -0.31690239906311035, -0.8202507495880127, 0.325313925743103, 0.1716320961713791, -0.216417595744133, 0.17403091490268707, 0.12105414271354675, 0.38378027081489563, 1.0455814599990845, -0.47159793972969055, -0.013942435383796692, 0.8551647663116455, 0.8589910864830017, -0.25106164813041687, -0.1929660141468048, 0.25178688764572144, -0.6624778509140015, -0.06596044450998306, -1.0568511486053467, 0.39048030972480774, 0.05488944798707962, -0.031204581260681152, -1.0913431644439697, 0.10880853980779648, 0.0815683975815773, -0.7659908533096313, 0.36139392852783203, -0.6412758231163025, 0.4553965926170349, 0.2728763818740845, -0.6041322350502014, -0.22782450914382935, -1.1259077787399292, -0.31379011273384094, -0.7637874484062195, 0.551247775554657, 0.17991171777248383, 0.49220341444015503, 0.6288406848907471, -0.3911374509334564, 0.5638844966888428, -0.6080132722854614, -0.9603348970413208, -0.3634125590324402, -0.21233004331588745, 0.2499159574508667, -0.621931254863739, -0.5532562732696533, -0.9833899736404419, 0.2258589267730713, -0.3956862986087799, 0.3106771409511566, -0.03466060757637024, 0.0767935961484909, 0.5225769877433777, 0.348602294921875, 0.4317242205142975, -0.38013914227485657, 0.22686275839805603, 0.055162858217954636, 1.0314099788665771, 0.5314056277275085, -0.29274308681488037, -0.4925747215747833, 0.17908501625061035, -0.9558200836181641, 0.5481730103492737, 0.3427271842956543, -0.3806474208831787, -0.030966617166996002, 0.07593915611505508, 0.15612292289733887, 0.041791997849941254, -0.7835062742233276, -0.3086942434310913, -0.4460900127887726, -0.20180398225784302, 0.03411542996764183, -1.1317601203918457, 0.1530601978302002, -0.8370311856269836, -0.09927810728549957, 0.7494047284126282, 0.18675589561462402, -0.11881507933139801, 0.7746182680130005, -0.028180792927742004, -0.28419405221939087, 0.3748144507408142, 0.50027996301651, -0.42468491196632385, 0.23397305607795715, -1.154269814491272, 0.9127379655838013, 0.7588250637054443, 0.179190531373024, -0.21037200093269348, -0.008942842483520508, 0.42217159271240234, -0.16950057446956635, -0.14809152483940125, -0.5091801881790161, -0.4891431927680969, 0.874914288520813, -1.0809999704360962, 0.44989529252052307, 0.09676104038953781, -0.06548046320676804, -0.2790232002735138, 0.3710327446460724, 0.6630166172981262, 0.27666372060775757, -1.0039615631103516, 0.11866868287324905, -0.5564936399459839, 0.2648440897464752, -0.30852648615837097, -0.741666316986084, 1.0121902227401733, 0.1723651885986328, -0.367457777261734, 0.4244658946990967, 0.7345531582832336, 0.014517759904265404, 0.16609293222427368, 0.7367240786552429, -0.6791272759437561, 0.3150232434272766, 0.42159542441368103, 0.05130258947610855, -0.4585317373275757, -0.23976251482963562, 0.42663049697875977, -0.7422232627868652, 0.028655264526605606, -0.15685904026031494, 0.21758106350898743, -0.2367672622203827, -0.9058495759963989, -0.48007890582084656, 0.33680737018585205, -0.746304452419281, -0.021435871720314026, -0.3806961476802826, -0.4988558888435364, 0.6190565228462219, 0.6179349422454834, 0.3521841764450073, 0.21939513087272644, -0.9947212338447571, 0.05719255656003952, 0.26842841506004333, 0.6583620309829712, 0.6315714716911316, -0.33584895730018616, -0.209497332572937, 0.6475634574890137, -0.05982455983757973, -0.6407649517059326, -0.7280918955802917, 0.26536068320274353, -0.7466123700141907, -0.09658408164978027, -0.1446961760520935, 0.5755833387374878, -0.9647749662399292, -0.09533889591693878, 0.714954674243927, 1.2193779945373535, 0.18111398816108704, 0.4591597020626068, -0.22489802539348602, 0.5789663195610046, 0.47131529450416565, -0.6286798119544983, -0.37796106934547424, 0.8604443669319153, -0.617889404296875, 1.0067851543426514, 0.6790973544120789, 0.10976134240627289, -1.0078809261322021, -0.4456082880496979, -0.3374030590057373, -0.6510513424873352, -0.1290256530046463, -0.7698435187339783, -0.01879991963505745, -0.4873216450214386, 0.9946841597557068, -0.11192775517702103, -0.058430690318346024, 0.18265686929225922, -0.69462651014328, -0.5265112519264221, -0.23208993673324585, -0.36013415455818176, -1.1040799617767334, 0.6496731042861938, -0.3670388460159302, 0.767990231513977, -0.23700489103794098, 0.4568873345851898, -1.0276060104370117, 0.6789247989654541, 0.04340510442852974, 0.09743314981460571, -0.18602657318115234, -0.11753087490797043, 0.24238140881061554, -0.17563974857330322, 0.16884027421474457, -0.037275031208992004, -0.833879292011261, 0.46543970704078674, -0.7966572046279907, -0.2202657163143158, -0.049486175179481506, -0.3407714068889618, -0.41136932373046875, -0.528461217880249, 0.5620923042297363, -0.34156566858291626, 0.2241854965686798, -0.6452260613441467, 0.6937940716743469, 0.6260151267051697, 0.5414496064186096, -0.6705394387245178, -0.9557515978813171, -1.2013297080993652, -1.3110361099243164, 0.4324929118156433, -0.03876370191574097, -0.3509601950645447, -0.5600605607032776, -0.2530180513858795, 0.9365907907485962, 0.13237670063972473, 0.29778575897216797, 1.9303961992263794, -0.1367887407541275, -0.04626939445734024, -1.1628787517547607, 1.1732507944107056, 0.620048999786377, 0.2672136723995209, -0.7515630125999451, -0.4199798107147217, -0.6838436126708984, -0.31778284907341003, -0.17817051708698273, -0.9607159495353699, -1.0275799036026, 0.6917091012001038, 0.791812539100647, -0.2240166813135147, 1.0540417432785034, -0.513445258140564, -0.37575697898864746, -0.6470953226089478, 0.7764453291893005, 0.9757170677185059, -0.5260105729103088, 0.8862147331237793, 0.44524237513542175, -0.2543979585170746, 0.047703322023153305, -0.5317819714546204, -0.6223068833351135, -0.24618011713027954, 0.5120624899864197, 0.24522459506988525, -1.2131603956222534, 0.5897018313407898, 1.3693428039550781, -1.1831246614456177, -0.2319127321243286, -0.18622490763664246, -0.29720479249954224, 0.024136539548635483, -0.1478436440229416, -0.09064764529466629, 0.4986034631729126, -0.29074177145957947, 0.43516141176223755, -0.03360776603221893, 0.32384300231933594, 0.869048535823822, -0.41797080636024475, 0.7049874067306519, -0.6001748442649841, -0.7217218279838562, 0.8331047296524048, 0.06618628650903702, -0.45769041776657104, -0.20548926293849945, 0.020694643259048462, -0.5135531425476074, 0.39848092198371887, 1.312943935394287, -0.11673782765865326, 0.34492212533950806, 0.5434802770614624, 0.2874431908130646, 0.824669599533081, 0.16266772150993347, -0.08534005284309387, 0.5566661357879639, -0.01494267676025629, -0.15226441621780396, -0.25535252690315247, 0.5828450918197632, -0.6007769107818604, -0.3415772616863251, -0.4470940828323364, -0.08076255768537521, 0.546384334564209, 0.790327787399292, 0.21270634233951569, -0.4106670916080475, -0.5851403474807739, -0.37343916296958923, -0.879146158695221, -0.6211389303207397, -0.5662837028503418, 0.33057647943496704, 0.8305039405822754, 0.37992674112319946, -0.17145058512687683, 0.44303905963897705, 0.9259909987449646, -0.9957537651062012, 0.5630923509597778, -0.4345758557319641, 0.6839091777801514, -0.8493965864181519, -1.6603269577026367, -0.8165597319602966, 0.04866135120391846, -1.2294327020645142, 0.30856242775917053, -0.21530121564865112, 0.1489112675189972, -0.924517810344696, 0.923017144203186, 0.7129273414611816, 0.011617660522460938, 0.4140292704105377, -0.46374866366386414, 0.4476907253265381, 1.2335600852966309, 0.43980661034584045, 0.07145491987466812, 0.47950130701065063, -0.4534011781215668, 0.6214486956596375, -0.31980034708976746, -0.5047053098678589, -0.33728089928627014, 0.13730579614639282, 0.03898632153868675, -0.19327786564826965, -0.5609862804412842, -1.048040747642517, -0.232542484998703, -0.40740683674812317, 0.03450583666563034, -0.7640987038612366, 0.7807697057723999, -0.5181534290313721, 0.034623339772224426, -0.5559122562408447, 0.6021432876586914, 0.26899176836013794, 0.45196324586868286, 0.1998601257801056, 0.18972380459308624, -0.15381625294685364, -0.055549636483192444, 0.45227399468421936, 0.9926146864891052, 0.708869993686676, -0.38070523738861084, -0.7387874126434326, 0.232065811753273, 0.19984519481658936, 0.7921507358551025, -0.3356284499168396, -0.493823766708374, -0.8407480716705322, -0.22112590074539185, 0.5600548982620239, 0.024563327431678772, 0.900728702545166, -0.5346099734306335, 0.6273168921470642, -0.11667156219482422, -0.4307871460914612, 0.004902778659015894, -0.4996137022972107, -0.4708574414253235, 0.7397317290306091, -0.02016117423772812, -0.3610101640224457, 0.2995835542678833, -0.5058145523071289, -0.08663011342287064, 0.16231679916381836, -0.18803735077381134, -0.13566699624061584, 0.21424630284309387, 0.02468457631766796, 0.37699076533317566, 0.36918437480926514, -0.11818210780620575, 0.1671495884656906, 1.3173208236694336, -0.13165313005447388, -0.8361834287643433, 0.6206478476524353, 0.24183166027069092, 0.03366469591856003, -0.286618709564209, -0.37561336159706116, 0.7499439120292664, 0.21344566345214844, -0.6510791778564453, -0.538816511631012, -0.10282915830612183, 0.6693348288536072, 0.4722660481929779, -0.15947334468364716, 0.595219075679779, -0.8223652839660645, 0.37310758233070374, 0.2892014682292938, -0.39186203479766846, -0.972732663154602, 1.066462516784668, 0.44901934266090393, -0.358069509267807, 0.5943118333816528, -0.06475310027599335, 0.3435339033603668, -0.4313840866088867, -0.5299617648124695, -0.5094090104103088, 0.5740514397621155, 0.4587549567222595, 1.028747797012329, 0.35640209913253784, 0.18777652084827423, 0.09336597472429276, -0.3537735342979431, 0.5362303256988525, 0.20507419109344482, 0.5368337631225586, 0.004480455070734024, 0.3794357478618622, 0.3338778614997864, -0.1463555246591568, 0.3889402151107788, -0.11210735142230988, 0.24048016965389252, -0.12568384408950806, 0.23747898638248444, -0.1207330971956253, -0.017334267497062683, 0.866287112236023, -0.11316125094890594, 0.6671773195266724, -0.39866524934768677, 0.13445207476615906, -0.005336238071322441, 0.4259302318096161, 0.0824328362941742, 0.22079840302467346, 1.087109088897705, 0.17047999799251556, 0.0898377001285553, -0.13185416162014008, -0.04511116445064545, -0.15635262429714203, -0.8949280381202698, 0.10383420437574387, -0.5494943261146545, -0.04512747377157211, 0.09949371218681335, -0.2128252536058426, -1.1875014305114746, 0.8137622475624084, -0.03637784719467163, -0.15228213369846344, 0.11033464968204498, -0.5185290575027466, 0.13960735499858856, -0.5236343741416931, 1.203729510307312, -0.1340217888355255, -0.15864676237106323, 0.021272538229823112, -0.34743085503578186, -0.21213026344776154, -0.2853541672229767, -0.09170440584421158, 0.6232940554618835, 0.260290265083313, 0.5584044456481934, -0.2746950387954712, -0.3680163621902466, 0.09497526288032532, -0.37472811341285706, -0.8233968615531921, 0.08615556359291077, 0.11234082281589508, -0.6932788491249084, 0.13779132068157196, -1.2674250602722168, 0.5355071425437927, -0.5314081311225891, -0.2399415671825409, 0.03758061304688454, 0.6247668266296387, -0.2276233732700348, -0.9388808012008667, -0.5904836058616638, 0.31711703538894653, -0.1448468118906021, 0.5358350276947021, 0.630603551864624, 0.6373103260993958, -0.08822819590568542, 0.04464899003505707, -0.40882182121276855, -0.38464057445526123, 0.2539830505847931, -0.881720781326294, 1.0904722213745117, -0.189549058675766, -0.7948459982872009, -0.6400985717773438, -0.7787225842475891, -0.1721256673336029, 0.19000768661499023, -0.6130623817443848, -0.3923032879829407, 0.47667115926742554, 0.13303998112678528, -0.34949976205825806, 0.07972580194473267, 0.20677399635314941, -0.33252236247062683, 0.5378230810165405, 0.4296627640724182, -0.47921478748321533, 0.9212310314178467, 0.12306277453899384, -0.38324490189552307, 0.006041213870048523, -0.2596777677536011, 0.5215598940849304, -0.4621965289115906, 0.0513080358505249, -0.8776320815086365, 0.5787989497184753, 0.5388560891151428, -0.5679205060005188, -0.2930440306663513, 0.18315286934375763, 0.4276314973831177, -0.07363274693489075, -1.25101900100708, -0.19547630846500397, -0.8253163695335388, -0.357868492603302, -0.5582916140556335, 0.6369152069091797, 0.016009964048862457, 0.16978543996810913, 0.042696330696344376, -1.1901572942733765, 3.897736072540283, 1.1350761651992798, 0.3729288578033447, 0.3928334712982178, 0.8858860731124878, 1.8071517944335938, -0.1314629763364792, -0.35053324699401855, 0.12027224153280258, -0.016593534499406815, 0.5660666227340698, 0.17450939118862152, 0.7847335934638977, -0.06288616359233856, 0.08209023624658585, 1.0324068069458008, -0.5273692011833191, -0.0928727388381958, -0.597076416015625, -0.7512918710708618, -0.4777379333972931, 0.28783389925956726, -0.052953146398067474, 0.4388338327407837, 0.05908741056919098, -0.5322186946868896, 0.031369149684906006, -0.2609729766845703, 0.16202546656131744, -0.35226932168006897, 0.1728660762310028, -0.4879249334335327, 0.5483019351959229, -0.5173138380050659, -0.7930691838264465, 0.3835448622703552, 0.2205510139465332, -1.1819713115692139, -0.44456517696380615, 0.24127894639968872, -0.3341074585914612, -0.08947473764419556, 0.606873631477356, -0.8382298946380615, 0.45893213152885437, 0.31935957074165344, -0.542499840259552, 0.5905417799949646, -0.24690602719783783, -0.2677608132362366, 1.2399208545684814, -0.5015385150909424, -0.07864724099636078, -0.5446020364761353, -0.6751419305801392, 0.5763527154922485, 0.5426766276359558, -0.052050113677978516, -0.05414815992116928, 0.2544599771499634, -0.1445143222808838, 0.004015043377876282, -0.0755176767706871, 0.029378287494182587, -0.6531590819358826, 0.522800087928772, 0.849109947681427, 0.6183729767799377, -0.6088398694992065, -0.5769370794296265, -0.3731914758682251, -0.8799004554748535, -1.1714445352554321, -0.6285568475723267, 0.08037896454334259, -0.6336131691932678, -0.7305682301521301, -0.03932421654462814, 0.1947665959596634, -1.0409126281738281, -0.15684980154037476, -0.5726070404052734, 0.16633304953575134, -0.18126428127288818, 0.2990037798881531, 0.1500345766544342, -0.3171694278717041, -0.29251188039779663, -0.48931410908699036, 0.7206205129623413, 1.3148961067199707, 0.2401476800441742, -0.6050228476524353, 0.6584703922271729, 0.579917848110199]}', '2025-11-30 08:02:03');
INSERT INTO daily_contexto (date, secret_word, theme, nearby_words, created_at) VALUES ('2025-12-01', 'GIFT', 'General', '{"embedding": [-0.4482523798942566, 0.2646450996398926, 0.19841834902763367, 0.1499018371105194, -1.2295966148376465, -0.06408044695854187, 0.6093600392341614, 0.8486704230308533, 0.2637847065925598, -0.09213238209486008, 0.24545975029468536, 0.0102023184299469, -0.11110784113407135, 0.32596445083618164, -0.5033290386199951, -0.21659231185913086, -0.2412838339805603, -0.7312827110290527, -0.3453769385814667, 0.19128704071044922, 0.24498893320560455, 0.688995361328125, -1.4433425664901733, -0.445004403591156, 0.24535754323005676, 0.2169743925333023, 0.1271824985742569, 0.26403117179870605, 1.0199334621429443, 0.8191412091255188, -0.6907788515090942, 0.03782840073108673, 0.4455815255641937, -1.1585026979446411, 0.03961556777358055, -0.6948041915893555, 0.2698662281036377, -0.4272223711013794, -0.015251286327838898, -0.9790922403335571, 0.2207770198583603, -0.7932447195053101, 0.7447487115859985, 0.6345425248146057, -0.836132824420929, 0.021554268896579742, -0.12052672356367111, -1.0352833271026611, 0.038541704416275024, -1.0960904359817505, 0.5856333374977112, -0.6096833944320679, -0.00713174045085907, -0.27166837453842163, 0.7964086532592773, -0.14247170090675354, 0.10812684893608093, -0.6119253039360046, 0.09540416300296783, 0.7455784678459167, 0.7532867193222046, -0.7143850922584534, 0.40810370445251465, -0.8068369626998901, 0.36640647053718567, 0.48727697134017944, -0.22966274619102478, -0.6114076972007751, -0.3204852044582367, 0.004456445574760437, 0.07339082658290863, 0.10197173804044724, -0.05890326946973801, -0.4479769468307495, 0.06924423575401306, 0.048342760652303696, 0.04366212710738182, 0.8711364269256592, -0.8604248762130737, 0.3264046907424927, 0.9514983296394348, 0.27907028794288635, 0.13027986884117126, -0.4812970757484436, -0.6866965889930725, -0.08428945392370224, 0.3540617823600769, -0.010832670144736767, 0.16661155223846436, -0.03660769760608673, -0.37632331252098083, 0.5611329674720764, 0.3729480504989624, -0.11257621645927429, 0.733424961566925, 0.6403665542602539, -0.16711217164993286, 0.6308673620223999, -0.5554895997047424, 0.09988899528980255, -0.00828983448445797, -0.16003075242042542, 0.43272560834884644, 1.0905070304870605, 0.030405119061470032, 0.33521825075149536, 0.26902416348457336, 0.35599735379219055, -0.4739903211593628, -0.15970072150230408, 0.12746863067150116, -0.5938214659690857, 0.3982182741165161, 0.23121732473373413, -0.5846063494682312, 1.0715285539627075, -0.45425236225128174, 0.4809018075466156, -0.6437711119651794, 0.19171755015850067, 0.19741395115852356, 0.34189656376838684, -0.054820701479911804, -0.01128874160349369, 0.3315957188606262, -0.6033228635787964, -0.26216647028923035, 0.4253387749195099, 0.2232893407344818, -0.3530140817165375, 0.46346256136894226, -0.23407474160194397, -0.03760360926389694, 0.5143327713012695, 0.28981825709342957, 0.10670522600412369, -0.3276106119155884, 0.4373868405818939, 0.5139980316162109, -0.7607419490814209, 0.2265082448720932, 0.47332215309143066, -0.011930998414754868, 1.535666823387146, -0.4437684118747711, 0.3650350570678711, 0.3623039722442627, 0.47855061292648315, -0.592642068862915, 0.110686756670475, -0.570783793926239, 0.14222800731658936, -0.38451966643333435, 1.019424319267273, -0.0008120536804199219, 0.23048338294029236, -0.08275534212589264, -0.43268972635269165, 0.29250001907348633, 0.17016391456127167, -0.6095356345176697, 0.4428057372570038, -0.47088396549224854, 1.1051076650619507, 0.2652944326400757, 0.32777640223503113, -0.605858564376831, 0.12392918765544891, -0.3954024314880371, 0.030183203518390656, -0.0631335973739624, 0.12548381090164185, -0.5426104068756104, -0.05185350775718689, -0.08384310454130173, 0.49519264698028564, 0.7995594143867493, -0.07535845041275024, 0.7911001443862915, 0.14931023120880127, -0.21187125146389008, 0.8886615633964539, 0.7383955717086792, 0.8162638545036316, 0.8536006808280945, 0.39421403408050537, -0.3112121820449829, -0.2488562911748886, -0.1820119172334671, -0.4968566298484802, -0.5092518925666809, 0.04135169833898544, 0.04895380884408951, 0.6227311491966248, -0.5812386870384216, 0.5733315944671631, -0.2135320007801056, -1.2508960962295532, 0.11570368707180023, -1.185614824295044, -0.5485010147094727, 0.28461310267448425, -0.538336455821991, 0.6029861569404602, -0.5523487329483032, -1.0706548690795898, 0.6916183233261108, 0.5558657646179199, -0.15238317847251892, -0.36944425106048584, 0.3830921947956085, 0.9350172877311707, -0.026611873880028725, -0.08134086430072784, 0.3643539845943451, 0.07569578289985657, -0.35153812170028687, 0.7492563724517822, -1.2566514015197754, 0.30596596002578735, 0.06948425620794296, 0.4069364070892334, 0.4942407011985779, 0.42992374300956726, -0.29800155758857727, -0.2487611174583435, -0.08304082602262497, 0.5886406898498535, -0.7465776801109314, 0.45800063014030457, -0.95811927318573, 0.8478285074234009, -0.28130996227264404, 0.7744815945625305, 1.4533847570419312, 0.2113376408815384, 0.3504255712032318, 0.1950075328350067, 0.15057770907878876, 0.167343869805336, -0.04734683036804199, -0.4680213928222656, 0.3318963646888733, -0.25201770663261414, -0.37990275025367737, 0.11385159194469452, 0.45766717195510864, -0.05621904879808426, -0.5200338363647461, 0.4589903652667999, -0.23110336065292358, -0.001722484827041626, 0.33477410674095154, 0.4179301857948303, 0.1683100461959839, 0.29852527379989624, 0.7422481179237366, 1.0047314167022705, 0.3458385467529297, -0.1693817377090454, -0.2039216011762619, 0.3012787699699402, 0.15508757531642914, 0.4826838970184326, 0.42878779768943787, 0.27880537509918213, 0.35378846526145935, 0.19469164311885834, -0.5529948472976685, -0.7014376521110535, -0.1660802662372589, -0.8853969573974609, -0.8054827451705933, -0.734282374382019, -0.3101784884929657, -0.028768133372068405, 1.1987944841384888, -0.8139060735702515, 0.8417240381240845, 0.035197846591472626, 0.016496464610099792, -0.14077934622764587, -0.2550225853919983, 0.33501705527305603, 0.4126845896244049, 0.9662734866142273, -0.9484958052635193, 0.00679478794336319, 0.6169583201408386, 0.8883625268936157, -0.8928708434104919, -0.018687676638364792, 0.618841826915741, -0.04088408872485161, 0.1018189787864685, 0.026669196784496307, -0.7756751775741577, -0.12289297580718994, -0.8530330061912537, -0.8109914660453796, 0.14587165415287018, 0.5245354175567627, -0.012932898476719856, 0.0431644544005394, -0.9541530609130859, 0.06088581681251526, 0.10185987502336502, -0.11317694932222366, 0.7147088646888733, 0.08101043850183487, -0.6362326741218567, 0.15040233731269836, 0.5841273069381714, -0.09737344086170197, -1.0634478330612183, 0.32919201254844666, -0.13396409153938293, 0.8197634220123291, -1.0270603895187378, 0.6183883547782898, -0.5019372701644897, -0.13889765739440918, -0.5234111547470093, -0.07295531034469604, -0.48817121982574463, 0.14464284479618073, -0.19058164954185486, -0.7895893454551697, -0.07932458072900772, -0.1514027714729309, -1.036331057548523, -0.21864087879657745, -0.8910902738571167, 0.4197167754173279, -0.013959236443042755, 0.2338465452194214, 0.02170516923069954, -0.674444854259491, 0.5163676738739014, -0.4879527688026428, 1.2901009321212769, -0.6996482014656067, 0.3734167814254761, 0.7503251433372498, 0.009669022634625435, -0.7265000939369202, 0.2708944082260132, -0.31690239906311035, -0.8202507495880127, 0.325313925743103, 0.1716320961713791, -0.216417595744133, 0.17403091490268707, 0.12105414271354675, 0.38378027081489563, 1.0455814599990845, -0.47159793972969055, -0.013942435383796692, 0.8551647663116455, 0.8589910864830017, -0.25106164813041687, -0.1929660141468048, 0.25178688764572144, -0.6624778509140015, -0.06596044450998306, -1.0568511486053467, 0.39048030972480774, 0.05488944798707962, -0.031204581260681152, -1.0913431644439697, 0.10880853980779648, 0.0815683975815773, -0.7659908533096313, 0.36139392852783203, -0.6412758231163025, 0.4553965926170349, 0.2728763818740845, -0.6041322350502014, -0.22782450914382935, -1.1259077787399292, -0.31379011273384094, -0.7637874484062195, 0.551247775554657, 0.17991171777248383, 0.49220341444015503, 0.6288406848907471, -0.3911374509334564, 0.5638844966888428, -0.6080132722854614, -0.9603348970413208, -0.3634125590324402, -0.21233004331588745, 0.2499159574508667, -0.621931254863739, -0.5532562732696533, -0.9833899736404419, 0.2258589267730713, -0.3956862986087799, 0.3106771409511566, -0.03466060757637024, 0.0767935961484909, 0.5225769877433777, 0.348602294921875, 0.4317242205142975, -0.38013914227485657, 0.22686275839805603, 0.055162858217954636, 1.0314099788665771, 0.5314056277275085, -0.29274308681488037, -0.4925747215747833, 0.17908501625061035, -0.9558200836181641, 0.5481730103492737, 0.3427271842956543, -0.3806474208831787, -0.030966617166996002, 0.07593915611505508, 0.15612292289733887, 0.041791997849941254, -0.7835062742233276, -0.3086942434310913, -0.4460900127887726, -0.20180398225784302, 0.03411542996764183, -1.1317601203918457, 0.1530601978302002, -0.8370311856269836, -0.09927810728549957, 0.7494047284126282, 0.18675589561462402, -0.11881507933139801, 0.7746182680130005, -0.028180792927742004, -0.28419405221939087, 0.3748144507408142, 0.50027996301651, -0.42468491196632385, 0.23397305607795715, -1.154269814491272, 0.9127379655838013, 0.7588250637054443, 0.179190531373024, -0.21037200093269348, -0.008942842483520508, 0.42217159271240234, -0.16950057446956635, -0.14809152483940125, -0.5091801881790161, -0.4891431927680969, 0.874914288520813, -1.0809999704360962, 0.44989529252052307, 0.09676104038953781, -0.06548046320676804, -0.2790232002735138, 0.3710327446460724, 0.6630166172981262, 0.27666372060775757, -1.0039615631103516, 0.11866868287324905, -0.5564936399459839, 0.2648440897464752, -0.30852648615837097, -0.741666316986084, 1.0121902227401733, 0.1723651885986328, -0.367457777261734, 0.4244658946990967, 0.7345531582832336, 0.014517759904265404, 0.16609293222427368, 0.7367240786552429, -0.6791272759437561, 0.3150232434272766, 0.42159542441368103, 0.05130258947610855, -0.4585317373275757, -0.23976251482963562, 0.42663049697875977, -0.7422232627868652, 0.028655264526605606, -0.15685904026031494, 0.21758106350898743, -0.2367672622203827, -0.9058495759963989, -0.48007890582084656, 0.33680737018585205, -0.746304452419281, -0.021435871720314026, -0.3806961476802826, -0.4988558888435364, 0.6190565228462219, 0.6179349422454834, 0.3521841764450073, 0.21939513087272644, -0.9947212338447571, 0.05719255656003952, 0.26842841506004333, 0.6583620309829712, 0.6315714716911316, -0.33584895730018616, -0.209497332572937, 0.6475634574890137, -0.05982455983757973, -0.6407649517059326, -0.7280918955802917, 0.26536068320274353, -0.7466123700141907, -0.09658408164978027, -0.1446961760520935, 0.5755833387374878, -0.9647749662399292, -0.09533889591693878, 0.714954674243927, 1.2193779945373535, 0.18111398816108704, 0.4591597020626068, -0.22489802539348602, 0.5789663195610046, 0.47131529450416565, -0.6286798119544983, -0.37796106934547424, 0.8604443669319153, -0.617889404296875, 1.0067851543426514, 0.6790973544120789, 0.10976134240627289, -1.0078809261322021, -0.4456082880496979, -0.3374030590057373, -0.6510513424873352, -0.1290256530046463, -0.7698435187339783, -0.01879991963505745, -0.4873216450214386, 0.9946841597557068, -0.11192775517702103, -0.058430690318346024, 0.18265686929225922, -0.69462651014328, -0.5265112519264221, -0.23208993673324585, -0.36013415455818176, -1.1040799617767334, 0.6496731042861938, -0.3670388460159302, 0.767990231513977, -0.23700489103794098, 0.4568873345851898, -1.0276060104370117, 0.6789247989654541, 0.04340510442852974, 0.09743314981460571, -0.18602657318115234, -0.11753087490797043, 0.24238140881061554, -0.17563974857330322, 0.16884027421474457, -0.037275031208992004, -0.833879292011261, 0.46543970704078674, -0.7966572046279907, -0.2202657163143158, -0.049486175179481506, -0.3407714068889618, -0.41136932373046875, -0.528461217880249, 0.5620923042297363, -0.34156566858291626, 0.2241854965686798, -0.6452260613441467, 0.6937940716743469, 0.6260151267051697, 0.5414496064186096, -0.6705394387245178, -0.9557515978813171, -1.2013297080993652, -1.3110361099243164, 0.4324929118156433, -0.03876370191574097, -0.3509601950645447, -0.5600605607032776, -0.2530180513858795, 0.9365907907485962, 0.13237670063972473, 0.29778575897216797, 1.9303961992263794, -0.1367887407541275, -0.04626939445734024, -1.1628787517547607, 1.1732507944107056, 0.620048999786377, 0.2672136723995209, -0.7515630125999451, -0.4199798107147217, -0.6838436126708984, -0.31778284907341003, -0.17817051708698273, -0.9607159495353699, -1.0275799036026, 0.6917091012001038, 0.791812539100647, -0.2240166813135147, 1.0540417432785034, -0.513445258140564, -0.37575697898864746, -0.6470953226089478, 0.7764453291893005, 0.9757170677185059, -0.5260105729103088, 0.8862147331237793, 0.44524237513542175, -0.2543979585170746, 0.047703322023153305, -0.5317819714546204, -0.6223068833351135, -0.24618011713027954, 0.5120624899864197, 0.24522459506988525, -1.2131603956222534, 0.5897018313407898, 1.3693428039550781, -1.1831246614456177, -0.2319127321243286, -0.18622490763664246, -0.29720479249954224, 0.024136539548635483, -0.1478436440229416, -0.09064764529466629, 0.4986034631729126, -0.29074177145957947, 0.43516141176223755, -0.03360776603221893, 0.32384300231933594, 0.869048535823822, -0.41797080636024475, 0.7049874067306519, -0.6001748442649841, -0.7217218279838562, 0.8331047296524048, 0.06618628650903702, -0.45769041776657104, -0.20548926293849945, 0.020694643259048462, -0.5135531425476074, 0.39848092198371887, 1.312943935394287, -0.11673782765865326, 0.34492212533950806, 0.5434802770614624, 0.2874431908130646, 0.824669599533081, 0.16266772150993347, -0.08534005284309387, 0.5566661357879639, -0.01494267676025629, -0.15226441621780396, -0.25535252690315247, 0.5828450918197632, -0.6007769107818604, -0.3415772616863251, -0.4470940828323364, -0.08076255768537521, 0.546384334564209, 0.790327787399292, 0.21270634233951569, -0.4106670916080475, -0.5851403474807739, -0.37343916296958923, -0.879146158695221, -0.6211389303207397, -0.5662837028503418, 0.33057647943496704, 0.8305039405822754, 0.37992674112319946, -0.17145058512687683, 0.44303905963897705, 0.9259909987449646, -0.9957537651062012, 0.5630923509597778, -0.4345758557319641, 0.6839091777801514, -0.8493965864181519, -1.6603269577026367, -0.8165597319602966, 0.04866135120391846, -1.2294327020645142, 0.30856242775917053, -0.21530121564865112, 0.1489112675189972, -0.924517810344696, 0.923017144203186, 0.7129273414611816, 0.011617660522460938, 0.4140292704105377, -0.46374866366386414, 0.4476907253265381, 1.2335600852966309, 0.43980661034584045, 0.07145491987466812, 0.47950130701065063, -0.4534011781215668, 0.6214486956596375, -0.31980034708976746, -0.5047053098678589, -0.33728089928627014, 0.13730579614639282, 0.03898632153868675, -0.19327786564826965, -0.5609862804412842, -1.048040747642517, -0.232542484998703, -0.40740683674812317, 0.03450583666563034, -0.7640987038612366, 0.7807697057723999, -0.5181534290313721, 0.034623339772224426, -0.5559122562408447, 0.6021432876586914, 0.26899176836013794, 0.45196324586868286, 0.1998601257801056, 0.18972380459308624, -0.15381625294685364, -0.055549636483192444, 0.45227399468421936, 0.9926146864891052, 0.708869993686676, -0.38070523738861084, -0.7387874126434326, 0.232065811753273, 0.19984519481658936, 0.7921507358551025, -0.3356284499168396, -0.493823766708374, -0.8407480716705322, -0.22112590074539185, 0.5600548982620239, 0.024563327431678772, 0.900728702545166, -0.5346099734306335, 0.6273168921470642, -0.11667156219482422, -0.4307871460914612, 0.004902778659015894, -0.4996137022972107, -0.4708574414253235, 0.7397317290306091, -0.02016117423772812, -0.3610101640224457, 0.2995835542678833, -0.5058145523071289, -0.08663011342287064, 0.16231679916381836, -0.18803735077381134, -0.13566699624061584, 0.21424630284309387, 0.02468457631766796, 0.37699076533317566, 0.36918437480926514, -0.11818210780620575, 0.1671495884656906, 1.3173208236694336, -0.13165313005447388, -0.8361834287643433, 0.6206478476524353, 0.24183166027069092, 0.03366469591856003, -0.286618709564209, -0.37561336159706116, 0.7499439120292664, 0.21344566345214844, -0.6510791778564453, -0.538816511631012, -0.10282915830612183, 0.6693348288536072, 0.4722660481929779, -0.15947334468364716, 0.595219075679779, -0.8223652839660645, 0.37310758233070374, 0.2892014682292938, -0.39186203479766846, -0.972732663154602, 1.066462516784668, 0.44901934266090393, -0.358069509267807, 0.5943118333816528, -0.06475310027599335, 0.3435339033603668, -0.4313840866088867, -0.5299617648124695, -0.5094090104103088, 0.5740514397621155, 0.4587549567222595, 1.028747797012329, 0.35640209913253784, 0.18777652084827423, 0.09336597472429276, -0.3537735342979431, 0.5362303256988525, 0.20507419109344482, 0.5368337631225586, 0.004480455070734024, 0.3794357478618622, 0.3338778614997864, -0.1463555246591568, 0.3889402151107788, -0.11210735142230988, 0.24048016965389252, -0.12568384408950806, 0.23747898638248444, -0.1207330971956253, -0.017334267497062683, 0.866287112236023, -0.11316125094890594, 0.6671773195266724, -0.39866524934768677, 0.13445207476615906, -0.005336238071322441, 0.4259302318096161, 0.0824328362941742, 0.22079840302467346, 1.087109088897705, 0.17047999799251556, 0.0898377001285553, -0.13185416162014008, -0.04511116445064545, -0.15635262429714203, -0.8949280381202698, 0.10383420437574387, -0.5494943261146545, -0.04512747377157211, 0.09949371218681335, -0.2128252536058426, -1.1875014305114746, 0.8137622475624084, -0.03637784719467163, -0.15228213369846344, 0.11033464968204498, -0.5185290575027466, 0.13960735499858856, -0.5236343741416931, 1.203729510307312, -0.1340217888355255, -0.15864676237106323, 0.021272538229823112, -0.34743085503578186, -0.21213026344776154, -0.2853541672229767, -0.09170440584421158, 0.6232940554618835, 0.260290265083313, 0.5584044456481934, -0.2746950387954712, -0.3680163621902466, 0.09497526288032532, -0.37472811341285706, -0.8233968615531921, 0.08615556359291077, 0.11234082281589508, -0.6932788491249084, 0.13779132068157196, -1.2674250602722168, 0.5355071425437927, -0.5314081311225891, -0.2399415671825409, 0.03758061304688454, 0.6247668266296387, -0.2276233732700348, -0.9388808012008667, -0.5904836058616638, 0.31711703538894653, -0.1448468118906021, 0.5358350276947021, 0.630603551864624, 0.6373103260993958, -0.08822819590568542, 0.04464899003505707, -0.40882182121276855, -0.38464057445526123, 0.2539830505847931, -0.881720781326294, 1.0904722213745117, -0.189549058675766, -0.7948459982872009, -0.6400985717773438, -0.7787225842475891, -0.1721256673336029, 0.19000768661499023, -0.6130623817443848, -0.3923032879829407, 0.47667115926742554, 0.13303998112678528, -0.34949976205825806, 0.07972580194473267, 0.20677399635314941, -0.33252236247062683, 0.5378230810165405, 0.4296627640724182, -0.47921478748321533, 0.9212310314178467, 0.12306277453899384, -0.38324490189552307, 0.006041213870048523, -0.2596777677536011, 0.5215598940849304, -0.4621965289115906, 0.0513080358505249, -0.8776320815086365, 0.5787989497184753, 0.5388560891151428, -0.5679205060005188, -0.2930440306663513, 0.18315286934375763, 0.4276314973831177, -0.07363274693489075, -1.25101900100708, -0.19547630846500397, -0.8253163695335388, -0.357868492603302, -0.5582916140556335, 0.6369152069091797, 0.016009964048862457, 0.16978543996810913, 0.042696330696344376, -1.1901572942733765, 3.897736072540283, 1.1350761651992798, 0.3729288578033447, 0.3928334712982178, 0.8858860731124878, 1.8071517944335938, -0.1314629763364792, -0.35053324699401855, 0.12027224153280258, -0.016593534499406815, 0.5660666227340698, 0.17450939118862152, 0.7847335934638977, -0.06288616359233856, 0.08209023624658585, 1.0324068069458008, -0.5273692011833191, -0.0928727388381958, -0.597076416015625, -0.7512918710708618, -0.4777379333972931, 0.28783389925956726, -0.052953146398067474, 0.4388338327407837, 0.05908741056919098, -0.5322186946868896, 0.031369149684906006, -0.2609729766845703, 0.16202546656131744, -0.35226932168006897, 0.1728660762310028, -0.4879249334335327, 0.5483019351959229, -0.5173138380050659, -0.7930691838264465, 0.3835448622703552, 0.2205510139465332, -1.1819713115692139, -0.44456517696380615, 0.24127894639968872, -0.3341074585914612, -0.08947473764419556, 0.606873631477356, -0.8382298946380615, 0.45893213152885437, 0.31935957074165344, -0.542499840259552, 0.5905417799949646, -0.24690602719783783, -0.2677608132362366, 1.2399208545684814, -0.5015385150909424, -0.07864724099636078, -0.5446020364761353, -0.6751419305801392, 0.5763527154922485, 0.5426766276359558, -0.052050113677978516, -0.05414815992116928, 0.2544599771499634, -0.1445143222808838, 0.004015043377876282, -0.0755176767706871, 0.029378287494182587, -0.6531590819358826, 0.522800087928772, 0.849109947681427, 0.6183729767799377, -0.6088398694992065, -0.5769370794296265, -0.3731914758682251, -0.8799004554748535, -1.1714445352554321, -0.6285568475723267, 0.08037896454334259, -0.6336131691932678, -0.7305682301521301, -0.03932421654462814, 0.1947665959596634, -1.0409126281738281, -0.15684980154037476, -0.5726070404052734, 0.16633304953575134, -0.18126428127288818, 0.2990037798881531, 0.1500345766544342, -0.3171694278717041, -0.29251188039779663, -0.48931410908699036, 0.7206205129623413, 1.3148961067199707, 0.2401476800441742, -0.6050228476524353, 0.6584703922271729, 0.579917848110199]}', '2025-12-01 16:14:39');
INSERT INTO daily_contexto (date, secret_word, theme, nearby_words, created_at) VALUES ('2025-12-02', 'GIFT', 'General', '{"embedding": [-0.4482523798942566, 0.2646450996398926, 0.19841834902763367, 0.1499018371105194, -1.2295966148376465, -0.06408044695854187, 0.6093600392341614, 0.8486704230308533, 0.2637847065925598, -0.09213238209486008, 0.24545975029468536, 0.0102023184299469, -0.11110784113407135, 0.32596445083618164, -0.5033290386199951, -0.21659231185913086, -0.2412838339805603, -0.7312827110290527, -0.3453769385814667, 0.19128704071044922, 0.24498893320560455, 0.688995361328125, -1.4433425664901733, -0.445004403591156, 0.24535754323005676, 0.2169743925333023, 0.1271824985742569, 0.26403117179870605, 1.0199334621429443, 0.8191412091255188, -0.6907788515090942, 0.03782840073108673, 0.4455815255641937, -1.1585026979446411, 0.03961556777358055, -0.6948041915893555, 0.2698662281036377, -0.4272223711013794, -0.015251286327838898, -0.9790922403335571, 0.2207770198583603, -0.7932447195053101, 0.7447487115859985, 0.6345425248146057, -0.836132824420929, 0.021554268896579742, -0.12052672356367111, -1.0352833271026611, 0.038541704416275024, -1.0960904359817505, 0.5856333374977112, -0.6096833944320679, -0.00713174045085907, -0.27166837453842163, 0.7964086532592773, -0.14247170090675354, 0.10812684893608093, -0.6119253039360046, 0.09540416300296783, 0.7455784678459167, 0.7532867193222046, -0.7143850922584534, 0.40810370445251465, -0.8068369626998901, 0.36640647053718567, 0.48727697134017944, -0.22966274619102478, -0.6114076972007751, -0.3204852044582367, 0.004456445574760437, 0.07339082658290863, 0.10197173804044724, -0.05890326946973801, -0.4479769468307495, 0.06924423575401306, 0.048342760652303696, 0.04366212710738182, 0.8711364269256592, -0.8604248762130737, 0.3264046907424927, 0.9514983296394348, 0.27907028794288635, 0.13027986884117126, -0.4812970757484436, -0.6866965889930725, -0.08428945392370224, 0.3540617823600769, -0.010832670144736767, 0.16661155223846436, -0.03660769760608673, -0.37632331252098083, 0.5611329674720764, 0.3729480504989624, -0.11257621645927429, 0.733424961566925, 0.6403665542602539, -0.16711217164993286, 0.6308673620223999, -0.5554895997047424, 0.09988899528980255, -0.00828983448445797, -0.16003075242042542, 0.43272560834884644, 1.0905070304870605, 0.030405119061470032, 0.33521825075149536, 0.26902416348457336, 0.35599735379219055, -0.4739903211593628, -0.15970072150230408, 0.12746863067150116, -0.5938214659690857, 0.3982182741165161, 0.23121732473373413, -0.5846063494682312, 1.0715285539627075, -0.45425236225128174, 0.4809018075466156, -0.6437711119651794, 0.19171755015850067, 0.19741395115852356, 0.34189656376838684, -0.054820701479911804, -0.01128874160349369, 0.3315957188606262, -0.6033228635787964, -0.26216647028923035, 0.4253387749195099, 0.2232893407344818, -0.3530140817165375, 0.46346256136894226, -0.23407474160194397, -0.03760360926389694, 0.5143327713012695, 0.28981825709342957, 0.10670522600412369, -0.3276106119155884, 0.4373868405818939, 0.5139980316162109, -0.7607419490814209, 0.2265082448720932, 0.47332215309143066, -0.011930998414754868, 1.535666823387146, -0.4437684118747711, 0.3650350570678711, 0.3623039722442627, 0.47855061292648315, -0.592642068862915, 0.110686756670475, -0.570783793926239, 0.14222800731658936, -0.38451966643333435, 1.019424319267273, -0.0008120536804199219, 0.23048338294029236, -0.08275534212589264, -0.43268972635269165, 0.29250001907348633, 0.17016391456127167, -0.6095356345176697, 0.4428057372570038, -0.47088396549224854, 1.1051076650619507, 0.2652944326400757, 0.32777640223503113, -0.605858564376831, 0.12392918765544891, -0.3954024314880371, 0.030183203518390656, -0.0631335973739624, 0.12548381090164185, -0.5426104068756104, -0.05185350775718689, -0.08384310454130173, 0.49519264698028564, 0.7995594143867493, -0.07535845041275024, 0.7911001443862915, 0.14931023120880127, -0.21187125146389008, 0.8886615633964539, 0.7383955717086792, 0.8162638545036316, 0.8536006808280945, 0.39421403408050537, -0.3112121820449829, -0.2488562911748886, -0.1820119172334671, -0.4968566298484802, -0.5092518925666809, 0.04135169833898544, 0.04895380884408951, 0.6227311491966248, -0.5812386870384216, 0.5733315944671631, -0.2135320007801056, -1.2508960962295532, 0.11570368707180023, -1.185614824295044, -0.5485010147094727, 0.28461310267448425, -0.538336455821991, 0.6029861569404602, -0.5523487329483032, -1.0706548690795898, 0.6916183233261108, 0.5558657646179199, -0.15238317847251892, -0.36944425106048584, 0.3830921947956085, 0.9350172877311707, -0.026611873880028725, -0.08134086430072784, 0.3643539845943451, 0.07569578289985657, -0.35153812170028687, 0.7492563724517822, -1.2566514015197754, 0.30596596002578735, 0.06948425620794296, 0.4069364070892334, 0.4942407011985779, 0.42992374300956726, -0.29800155758857727, -0.2487611174583435, -0.08304082602262497, 0.5886406898498535, -0.7465776801109314, 0.45800063014030457, -0.95811927318573, 0.8478285074234009, -0.28130996227264404, 0.7744815945625305, 1.4533847570419312, 0.2113376408815384, 0.3504255712032318, 0.1950075328350067, 0.15057770907878876, 0.167343869805336, -0.04734683036804199, -0.4680213928222656, 0.3318963646888733, -0.25201770663261414, -0.37990275025367737, 0.11385159194469452, 0.45766717195510864, -0.05621904879808426, -0.5200338363647461, 0.4589903652667999, -0.23110336065292358, -0.001722484827041626, 0.33477410674095154, 0.4179301857948303, 0.1683100461959839, 0.29852527379989624, 0.7422481179237366, 1.0047314167022705, 0.3458385467529297, -0.1693817377090454, -0.2039216011762619, 0.3012787699699402, 0.15508757531642914, 0.4826838970184326, 0.42878779768943787, 0.27880537509918213, 0.35378846526145935, 0.19469164311885834, -0.5529948472976685, -0.7014376521110535, -0.1660802662372589, -0.8853969573974609, -0.8054827451705933, -0.734282374382019, -0.3101784884929657, -0.028768133372068405, 1.1987944841384888, -0.8139060735702515, 0.8417240381240845, 0.035197846591472626, 0.016496464610099792, -0.14077934622764587, -0.2550225853919983, 0.33501705527305603, 0.4126845896244049, 0.9662734866142273, -0.9484958052635193, 0.00679478794336319, 0.6169583201408386, 0.8883625268936157, -0.8928708434104919, -0.018687676638364792, 0.618841826915741, -0.04088408872485161, 0.1018189787864685, 0.026669196784496307, -0.7756751775741577, -0.12289297580718994, -0.8530330061912537, -0.8109914660453796, 0.14587165415287018, 0.5245354175567627, -0.012932898476719856, 0.0431644544005394, -0.9541530609130859, 0.06088581681251526, 0.10185987502336502, -0.11317694932222366, 0.7147088646888733, 0.08101043850183487, -0.6362326741218567, 0.15040233731269836, 0.5841273069381714, -0.09737344086170197, -1.0634478330612183, 0.32919201254844666, -0.13396409153938293, 0.8197634220123291, -1.0270603895187378, 0.6183883547782898, -0.5019372701644897, -0.13889765739440918, -0.5234111547470093, -0.07295531034469604, -0.48817121982574463, 0.14464284479618073, -0.19058164954185486, -0.7895893454551697, -0.07932458072900772, -0.1514027714729309, -1.036331057548523, -0.21864087879657745, -0.8910902738571167, 0.4197167754173279, -0.013959236443042755, 0.2338465452194214, 0.02170516923069954, -0.674444854259491, 0.5163676738739014, -0.4879527688026428, 1.2901009321212769, -0.6996482014656067, 0.3734167814254761, 0.7503251433372498, 0.009669022634625435, -0.7265000939369202, 0.2708944082260132, -0.31690239906311035, -0.8202507495880127, 0.325313925743103, 0.1716320961713791, -0.216417595744133, 0.17403091490268707, 0.12105414271354675, 0.38378027081489563, 1.0455814599990845, -0.47159793972969055, -0.013942435383796692, 0.8551647663116455, 0.8589910864830017, -0.25106164813041687, -0.1929660141468048, 0.25178688764572144, -0.6624778509140015, -0.06596044450998306, -1.0568511486053467, 0.39048030972480774, 0.05488944798707962, -0.031204581260681152, -1.0913431644439697, 0.10880853980779648, 0.0815683975815773, -0.7659908533096313, 0.36139392852783203, -0.6412758231163025, 0.4553965926170349, 0.2728763818740845, -0.6041322350502014, -0.22782450914382935, -1.1259077787399292, -0.31379011273384094, -0.7637874484062195, 0.551247775554657, 0.17991171777248383, 0.49220341444015503, 0.6288406848907471, -0.3911374509334564, 0.5638844966888428, -0.6080132722854614, -0.9603348970413208, -0.3634125590324402, -0.21233004331588745, 0.2499159574508667, -0.621931254863739, -0.5532562732696533, -0.9833899736404419, 0.2258589267730713, -0.3956862986087799, 0.3106771409511566, -0.03466060757637024, 0.0767935961484909, 0.5225769877433777, 0.348602294921875, 0.4317242205142975, -0.38013914227485657, 0.22686275839805603, 0.055162858217954636, 1.0314099788665771, 0.5314056277275085, -0.29274308681488037, -0.4925747215747833, 0.17908501625061035, -0.9558200836181641, 0.5481730103492737, 0.3427271842956543, -0.3806474208831787, -0.030966617166996002, 0.07593915611505508, 0.15612292289733887, 0.041791997849941254, -0.7835062742233276, -0.3086942434310913, -0.4460900127887726, -0.20180398225784302, 0.03411542996764183, -1.1317601203918457, 0.1530601978302002, -0.8370311856269836, -0.09927810728549957, 0.7494047284126282, 0.18675589561462402, -0.11881507933139801, 0.7746182680130005, -0.028180792927742004, -0.28419405221939087, 0.3748144507408142, 0.50027996301651, -0.42468491196632385, 0.23397305607795715, -1.154269814491272, 0.9127379655838013, 0.7588250637054443, 0.179190531373024, -0.21037200093269348, -0.008942842483520508, 0.42217159271240234, -0.16950057446956635, -0.14809152483940125, -0.5091801881790161, -0.4891431927680969, 0.874914288520813, -1.0809999704360962, 0.44989529252052307, 0.09676104038953781, -0.06548046320676804, -0.2790232002735138, 0.3710327446460724, 0.6630166172981262, 0.27666372060775757, -1.0039615631103516, 0.11866868287324905, -0.5564936399459839, 0.2648440897464752, -0.30852648615837097, -0.741666316986084, 1.0121902227401733, 0.1723651885986328, -0.367457777261734, 0.4244658946990967, 0.7345531582832336, 0.014517759904265404, 0.16609293222427368, 0.7367240786552429, -0.6791272759437561, 0.3150232434272766, 0.42159542441368103, 0.05130258947610855, -0.4585317373275757, -0.23976251482963562, 0.42663049697875977, -0.7422232627868652, 0.028655264526605606, -0.15685904026031494, 0.21758106350898743, -0.2367672622203827, -0.9058495759963989, -0.48007890582084656, 0.33680737018585205, -0.746304452419281, -0.021435871720314026, -0.3806961476802826, -0.4988558888435364, 0.6190565228462219, 0.6179349422454834, 0.3521841764450073, 0.21939513087272644, -0.9947212338447571, 0.05719255656003952, 0.26842841506004333, 0.6583620309829712, 0.6315714716911316, -0.33584895730018616, -0.209497332572937, 0.6475634574890137, -0.05982455983757973, -0.6407649517059326, -0.7280918955802917, 0.26536068320274353, -0.7466123700141907, -0.09658408164978027, -0.1446961760520935, 0.5755833387374878, -0.9647749662399292, -0.09533889591693878, 0.714954674243927, 1.2193779945373535, 0.18111398816108704, 0.4591597020626068, -0.22489802539348602, 0.5789663195610046, 0.47131529450416565, -0.6286798119544983, -0.37796106934547424, 0.8604443669319153, -0.617889404296875, 1.0067851543426514, 0.6790973544120789, 0.10976134240627289, -1.0078809261322021, -0.4456082880496979, -0.3374030590057373, -0.6510513424873352, -0.1290256530046463, -0.7698435187339783, -0.01879991963505745, -0.4873216450214386, 0.9946841597557068, -0.11192775517702103, -0.058430690318346024, 0.18265686929225922, -0.69462651014328, -0.5265112519264221, -0.23208993673324585, -0.36013415455818176, -1.1040799617767334, 0.6496731042861938, -0.3670388460159302, 0.767990231513977, -0.23700489103794098, 0.4568873345851898, -1.0276060104370117, 0.6789247989654541, 0.04340510442852974, 0.09743314981460571, -0.18602657318115234, -0.11753087490797043, 0.24238140881061554, -0.17563974857330322, 0.16884027421474457, -0.037275031208992004, -0.833879292011261, 0.46543970704078674, -0.7966572046279907, -0.2202657163143158, -0.049486175179481506, -0.3407714068889618, -0.41136932373046875, -0.528461217880249, 0.5620923042297363, -0.34156566858291626, 0.2241854965686798, -0.6452260613441467, 0.6937940716743469, 0.6260151267051697, 0.5414496064186096, -0.6705394387245178, -0.9557515978813171, -1.2013297080993652, -1.3110361099243164, 0.4324929118156433, -0.03876370191574097, -0.3509601950645447, -0.5600605607032776, -0.2530180513858795, 0.9365907907485962, 0.13237670063972473, 0.29778575897216797, 1.9303961992263794, -0.1367887407541275, -0.04626939445734024, -1.1628787517547607, 1.1732507944107056, 0.620048999786377, 0.2672136723995209, -0.7515630125999451, -0.4199798107147217, -0.6838436126708984, -0.31778284907341003, -0.17817051708698273, -0.9607159495353699, -1.0275799036026, 0.6917091012001038, 0.791812539100647, -0.2240166813135147, 1.0540417432785034, -0.513445258140564, -0.37575697898864746, -0.6470953226089478, 0.7764453291893005, 0.9757170677185059, -0.5260105729103088, 0.8862147331237793, 0.44524237513542175, -0.2543979585170746, 0.047703322023153305, -0.5317819714546204, -0.6223068833351135, -0.24618011713027954, 0.5120624899864197, 0.24522459506988525, -1.2131603956222534, 0.5897018313407898, 1.3693428039550781, -1.1831246614456177, -0.2319127321243286, -0.18622490763664246, -0.29720479249954224, 0.024136539548635483, -0.1478436440229416, -0.09064764529466629, 0.4986034631729126, -0.29074177145957947, 0.43516141176223755, -0.03360776603221893, 0.32384300231933594, 0.869048535823822, -0.41797080636024475, 0.7049874067306519, -0.6001748442649841, -0.7217218279838562, 0.8331047296524048, 0.06618628650903702, -0.45769041776657104, -0.20548926293849945, 0.020694643259048462, -0.5135531425476074, 0.39848092198371887, 1.312943935394287, -0.11673782765865326, 0.34492212533950806, 0.5434802770614624, 0.2874431908130646, 0.824669599533081, 0.16266772150993347, -0.08534005284309387, 0.5566661357879639, -0.01494267676025629, -0.15226441621780396, -0.25535252690315247, 0.5828450918197632, -0.6007769107818604, -0.3415772616863251, -0.4470940828323364, -0.08076255768537521, 0.546384334564209, 0.790327787399292, 0.21270634233951569, -0.4106670916080475, -0.5851403474807739, -0.37343916296958923, -0.879146158695221, -0.6211389303207397, -0.5662837028503418, 0.33057647943496704, 0.8305039405822754, 0.37992674112319946, -0.17145058512687683, 0.44303905963897705, 0.9259909987449646, -0.9957537651062012, 0.5630923509597778, -0.4345758557319641, 0.6839091777801514, -0.8493965864181519, -1.6603269577026367, -0.8165597319602966, 0.04866135120391846, -1.2294327020645142, 0.30856242775917053, -0.21530121564865112, 0.1489112675189972, -0.924517810344696, 0.923017144203186, 0.7129273414611816, 0.011617660522460938, 0.4140292704105377, -0.46374866366386414, 0.4476907253265381, 1.2335600852966309, 0.43980661034584045, 0.07145491987466812, 0.47950130701065063, -0.4534011781215668, 0.6214486956596375, -0.31980034708976746, -0.5047053098678589, -0.33728089928627014, 0.13730579614639282, 0.03898632153868675, -0.19327786564826965, -0.5609862804412842, -1.048040747642517, -0.232542484998703, -0.40740683674812317, 0.03450583666563034, -0.7640987038612366, 0.7807697057723999, -0.5181534290313721, 0.034623339772224426, -0.5559122562408447, 0.6021432876586914, 0.26899176836013794, 0.45196324586868286, 0.1998601257801056, 0.18972380459308624, -0.15381625294685364, -0.055549636483192444, 0.45227399468421936, 0.9926146864891052, 0.708869993686676, -0.38070523738861084, -0.7387874126434326, 0.232065811753273, 0.19984519481658936, 0.7921507358551025, -0.3356284499168396, -0.493823766708374, -0.8407480716705322, -0.22112590074539185, 0.5600548982620239, 0.024563327431678772, 0.900728702545166, -0.5346099734306335, 0.6273168921470642, -0.11667156219482422, -0.4307871460914612, 0.004902778659015894, -0.4996137022972107, -0.4708574414253235, 0.7397317290306091, -0.02016117423772812, -0.3610101640224457, 0.2995835542678833, -0.5058145523071289, -0.08663011342287064, 0.16231679916381836, -0.18803735077381134, -0.13566699624061584, 0.21424630284309387, 0.02468457631766796, 0.37699076533317566, 0.36918437480926514, -0.11818210780620575, 0.1671495884656906, 1.3173208236694336, -0.13165313005447388, -0.8361834287643433, 0.6206478476524353, 0.24183166027069092, 0.03366469591856003, -0.286618709564209, -0.37561336159706116, 0.7499439120292664, 0.21344566345214844, -0.6510791778564453, -0.538816511631012, -0.10282915830612183, 0.6693348288536072, 0.4722660481929779, -0.15947334468364716, 0.595219075679779, -0.8223652839660645, 0.37310758233070374, 0.2892014682292938, -0.39186203479766846, -0.972732663154602, 1.066462516784668, 0.44901934266090393, -0.358069509267807, 0.5943118333816528, -0.06475310027599335, 0.3435339033603668, -0.4313840866088867, -0.5299617648124695, -0.5094090104103088, 0.5740514397621155, 0.4587549567222595, 1.028747797012329, 0.35640209913253784, 0.18777652084827423, 0.09336597472429276, -0.3537735342979431, 0.5362303256988525, 0.20507419109344482, 0.5368337631225586, 0.004480455070734024, 0.3794357478618622, 0.3338778614997864, -0.1463555246591568, 0.3889402151107788, -0.11210735142230988, 0.24048016965389252, -0.12568384408950806, 0.23747898638248444, -0.1207330971956253, -0.017334267497062683, 0.866287112236023, -0.11316125094890594, 0.6671773195266724, -0.39866524934768677, 0.13445207476615906, -0.005336238071322441, 0.4259302318096161, 0.0824328362941742, 0.22079840302467346, 1.087109088897705, 0.17047999799251556, 0.0898377001285553, -0.13185416162014008, -0.04511116445064545, -0.15635262429714203, -0.8949280381202698, 0.10383420437574387, -0.5494943261146545, -0.04512747377157211, 0.09949371218681335, -0.2128252536058426, -1.1875014305114746, 0.8137622475624084, -0.03637784719467163, -0.15228213369846344, 0.11033464968204498, -0.5185290575027466, 0.13960735499858856, -0.5236343741416931, 1.203729510307312, -0.1340217888355255, -0.15864676237106323, 0.021272538229823112, -0.34743085503578186, -0.21213026344776154, -0.2853541672229767, -0.09170440584421158, 0.6232940554618835, 0.260290265083313, 0.5584044456481934, -0.2746950387954712, -0.3680163621902466, 0.09497526288032532, -0.37472811341285706, -0.8233968615531921, 0.08615556359291077, 0.11234082281589508, -0.6932788491249084, 0.13779132068157196, -1.2674250602722168, 0.5355071425437927, -0.5314081311225891, -0.2399415671825409, 0.03758061304688454, 0.6247668266296387, -0.2276233732700348, -0.9388808012008667, -0.5904836058616638, 0.31711703538894653, -0.1448468118906021, 0.5358350276947021, 0.630603551864624, 0.6373103260993958, -0.08822819590568542, 0.04464899003505707, -0.40882182121276855, -0.38464057445526123, 0.2539830505847931, -0.881720781326294, 1.0904722213745117, -0.189549058675766, -0.7948459982872009, -0.6400985717773438, -0.7787225842475891, -0.1721256673336029, 0.19000768661499023, -0.6130623817443848, -0.3923032879829407, 0.47667115926742554, 0.13303998112678528, -0.34949976205825806, 0.07972580194473267, 0.20677399635314941, -0.33252236247062683, 0.5378230810165405, 0.4296627640724182, -0.47921478748321533, 0.9212310314178467, 0.12306277453899384, -0.38324490189552307, 0.006041213870048523, -0.2596777677536011, 0.5215598940849304, -0.4621965289115906, 0.0513080358505249, -0.8776320815086365, 0.5787989497184753, 0.5388560891151428, -0.5679205060005188, -0.2930440306663513, 0.18315286934375763, 0.4276314973831177, -0.07363274693489075, -1.25101900100708, -0.19547630846500397, -0.8253163695335388, -0.357868492603302, -0.5582916140556335, 0.6369152069091797, 0.016009964048862457, 0.16978543996810913, 0.042696330696344376, -1.1901572942733765, 3.897736072540283, 1.1350761651992798, 0.3729288578033447, 0.3928334712982178, 0.8858860731124878, 1.8071517944335938, -0.1314629763364792, -0.35053324699401855, 0.12027224153280258, -0.016593534499406815, 0.5660666227340698, 0.17450939118862152, 0.7847335934638977, -0.06288616359233856, 0.08209023624658585, 1.0324068069458008, -0.5273692011833191, -0.0928727388381958, -0.597076416015625, -0.7512918710708618, -0.4777379333972931, 0.28783389925956726, -0.052953146398067474, 0.4388338327407837, 0.05908741056919098, -0.5322186946868896, 0.031369149684906006, -0.2609729766845703, 0.16202546656131744, -0.35226932168006897, 0.1728660762310028, -0.4879249334335327, 0.5483019351959229, -0.5173138380050659, -0.7930691838264465, 0.3835448622703552, 0.2205510139465332, -1.1819713115692139, -0.44456517696380615, 0.24127894639968872, -0.3341074585914612, -0.08947473764419556, 0.606873631477356, -0.8382298946380615, 0.45893213152885437, 0.31935957074165344, -0.542499840259552, 0.5905417799949646, -0.24690602719783783, -0.2677608132362366, 1.2399208545684814, -0.5015385150909424, -0.07864724099636078, -0.5446020364761353, -0.6751419305801392, 0.5763527154922485, 0.5426766276359558, -0.052050113677978516, -0.05414815992116928, 0.2544599771499634, -0.1445143222808838, 0.004015043377876282, -0.0755176767706871, 0.029378287494182587, -0.6531590819358826, 0.522800087928772, 0.849109947681427, 0.6183729767799377, -0.6088398694992065, -0.5769370794296265, -0.3731914758682251, -0.8799004554748535, -1.1714445352554321, -0.6285568475723267, 0.08037896454334259, -0.6336131691932678, -0.7305682301521301, -0.03932421654462814, 0.1947665959596634, -1.0409126281738281, -0.15684980154037476, -0.5726070404052734, 0.16633304953575134, -0.18126428127288818, 0.2990037798881531, 0.1500345766544342, -0.3171694278717041, -0.29251188039779663, -0.48931410908699036, 0.7206205129623413, 1.3148961067199707, 0.2401476800441742, -0.6050228476524353, 0.6584703922271729, 0.579917848110199]}', '2025-12-02 21:06:46');
INSERT INTO daily_contexto (date, secret_word, theme, nearby_words, created_at) VALUES ('2025-12-03', 'GIFT', 'General', '{"embedding": [-0.4482523798942566, 0.2646450996398926, 0.19841834902763367, 0.1499018371105194, -1.2295966148376465, -0.06408044695854187, 0.6093600392341614, 0.8486704230308533, 0.2637847065925598, -0.09213238209486008, 0.24545975029468536, 0.0102023184299469, -0.11110784113407135, 0.32596445083618164, -0.5033290386199951, -0.21659231185913086, -0.2412838339805603, -0.7312827110290527, -0.3453769385814667, 0.19128704071044922, 0.24498893320560455, 0.688995361328125, -1.4433425664901733, -0.445004403591156, 0.24535754323005676, 0.2169743925333023, 0.1271824985742569, 0.26403117179870605, 1.0199334621429443, 0.8191412091255188, -0.6907788515090942, 0.03782840073108673, 0.4455815255641937, -1.1585026979446411, 0.03961556777358055, -0.6948041915893555, 0.2698662281036377, -0.4272223711013794, -0.015251286327838898, -0.9790922403335571, 0.2207770198583603, -0.7932447195053101, 0.7447487115859985, 0.6345425248146057, -0.836132824420929, 0.021554268896579742, -0.12052672356367111, -1.0352833271026611, 0.038541704416275024, -1.0960904359817505, 0.5856333374977112, -0.6096833944320679, -0.00713174045085907, -0.27166837453842163, 0.7964086532592773, -0.14247170090675354, 0.10812684893608093, -0.6119253039360046, 0.09540416300296783, 0.7455784678459167, 0.7532867193222046, -0.7143850922584534, 0.40810370445251465, -0.8068369626998901, 0.36640647053718567, 0.48727697134017944, -0.22966274619102478, -0.6114076972007751, -0.3204852044582367, 0.004456445574760437, 0.07339082658290863, 0.10197173804044724, -0.05890326946973801, -0.4479769468307495, 0.06924423575401306, 0.048342760652303696, 0.04366212710738182, 0.8711364269256592, -0.8604248762130737, 0.3264046907424927, 0.9514983296394348, 0.27907028794288635, 0.13027986884117126, -0.4812970757484436, -0.6866965889930725, -0.08428945392370224, 0.3540617823600769, -0.010832670144736767, 0.16661155223846436, -0.03660769760608673, -0.37632331252098083, 0.5611329674720764, 0.3729480504989624, -0.11257621645927429, 0.733424961566925, 0.6403665542602539, -0.16711217164993286, 0.6308673620223999, -0.5554895997047424, 0.09988899528980255, -0.00828983448445797, -0.16003075242042542, 0.43272560834884644, 1.0905070304870605, 0.030405119061470032, 0.33521825075149536, 0.26902416348457336, 0.35599735379219055, -0.4739903211593628, -0.15970072150230408, 0.12746863067150116, -0.5938214659690857, 0.3982182741165161, 0.23121732473373413, -0.5846063494682312, 1.0715285539627075, -0.45425236225128174, 0.4809018075466156, -0.6437711119651794, 0.19171755015850067, 0.19741395115852356, 0.34189656376838684, -0.054820701479911804, -0.01128874160349369, 0.3315957188606262, -0.6033228635787964, -0.26216647028923035, 0.4253387749195099, 0.2232893407344818, -0.3530140817165375, 0.46346256136894226, -0.23407474160194397, -0.03760360926389694, 0.5143327713012695, 0.28981825709342957, 0.10670522600412369, -0.3276106119155884, 0.4373868405818939, 0.5139980316162109, -0.7607419490814209, 0.2265082448720932, 0.47332215309143066, -0.011930998414754868, 1.535666823387146, -0.4437684118747711, 0.3650350570678711, 0.3623039722442627, 0.47855061292648315, -0.592642068862915, 0.110686756670475, -0.570783793926239, 0.14222800731658936, -0.38451966643333435, 1.019424319267273, -0.0008120536804199219, 0.23048338294029236, -0.08275534212589264, -0.43268972635269165, 0.29250001907348633, 0.17016391456127167, -0.6095356345176697, 0.4428057372570038, -0.47088396549224854, 1.1051076650619507, 0.2652944326400757, 0.32777640223503113, -0.605858564376831, 0.12392918765544891, -0.3954024314880371, 0.030183203518390656, -0.0631335973739624, 0.12548381090164185, -0.5426104068756104, -0.05185350775718689, -0.08384310454130173, 0.49519264698028564, 0.7995594143867493, -0.07535845041275024, 0.7911001443862915, 0.14931023120880127, -0.21187125146389008, 0.8886615633964539, 0.7383955717086792, 0.8162638545036316, 0.8536006808280945, 0.39421403408050537, -0.3112121820449829, -0.2488562911748886, -0.1820119172334671, -0.4968566298484802, -0.5092518925666809, 0.04135169833898544, 0.04895380884408951, 0.6227311491966248, -0.5812386870384216, 0.5733315944671631, -0.2135320007801056, -1.2508960962295532, 0.11570368707180023, -1.185614824295044, -0.5485010147094727, 0.28461310267448425, -0.538336455821991, 0.6029861569404602, -0.5523487329483032, -1.0706548690795898, 0.6916183233261108, 0.5558657646179199, -0.15238317847251892, -0.36944425106048584, 0.3830921947956085, 0.9350172877311707, -0.026611873880028725, -0.08134086430072784, 0.3643539845943451, 0.07569578289985657, -0.35153812170028687, 0.7492563724517822, -1.2566514015197754, 0.30596596002578735, 0.06948425620794296, 0.4069364070892334, 0.4942407011985779, 0.42992374300956726, -0.29800155758857727, -0.2487611174583435, -0.08304082602262497, 0.5886406898498535, -0.7465776801109314, 0.45800063014030457, -0.95811927318573, 0.8478285074234009, -0.28130996227264404, 0.7744815945625305, 1.4533847570419312, 0.2113376408815384, 0.3504255712032318, 0.1950075328350067, 0.15057770907878876, 0.167343869805336, -0.04734683036804199, -0.4680213928222656, 0.3318963646888733, -0.25201770663261414, -0.37990275025367737, 0.11385159194469452, 0.45766717195510864, -0.05621904879808426, -0.5200338363647461, 0.4589903652667999, -0.23110336065292358, -0.001722484827041626, 0.33477410674095154, 0.4179301857948303, 0.1683100461959839, 0.29852527379989624, 0.7422481179237366, 1.0047314167022705, 0.3458385467529297, -0.1693817377090454, -0.2039216011762619, 0.3012787699699402, 0.15508757531642914, 0.4826838970184326, 0.42878779768943787, 0.27880537509918213, 0.35378846526145935, 0.19469164311885834, -0.5529948472976685, -0.7014376521110535, -0.1660802662372589, -0.8853969573974609, -0.8054827451705933, -0.734282374382019, -0.3101784884929657, -0.028768133372068405, 1.1987944841384888, -0.8139060735702515, 0.8417240381240845, 0.035197846591472626, 0.016496464610099792, -0.14077934622764587, -0.2550225853919983, 0.33501705527305603, 0.4126845896244049, 0.9662734866142273, -0.9484958052635193, 0.00679478794336319, 0.6169583201408386, 0.8883625268936157, -0.8928708434104919, -0.018687676638364792, 0.618841826915741, -0.04088408872485161, 0.1018189787864685, 0.026669196784496307, -0.7756751775741577, -0.12289297580718994, -0.8530330061912537, -0.8109914660453796, 0.14587165415287018, 0.5245354175567627, -0.012932898476719856, 0.0431644544005394, -0.9541530609130859, 0.06088581681251526, 0.10185987502336502, -0.11317694932222366, 0.7147088646888733, 0.08101043850183487, -0.6362326741218567, 0.15040233731269836, 0.5841273069381714, -0.09737344086170197, -1.0634478330612183, 0.32919201254844666, -0.13396409153938293, 0.8197634220123291, -1.0270603895187378, 0.6183883547782898, -0.5019372701644897, -0.13889765739440918, -0.5234111547470093, -0.07295531034469604, -0.48817121982574463, 0.14464284479618073, -0.19058164954185486, -0.7895893454551697, -0.07932458072900772, -0.1514027714729309, -1.036331057548523, -0.21864087879657745, -0.8910902738571167, 0.4197167754173279, -0.013959236443042755, 0.2338465452194214, 0.02170516923069954, -0.674444854259491, 0.5163676738739014, -0.4879527688026428, 1.2901009321212769, -0.6996482014656067, 0.3734167814254761, 0.7503251433372498, 0.009669022634625435, -0.7265000939369202, 0.2708944082260132, -0.31690239906311035, -0.8202507495880127, 0.325313925743103, 0.1716320961713791, -0.216417595744133, 0.17403091490268707, 0.12105414271354675, 0.38378027081489563, 1.0455814599990845, -0.47159793972969055, -0.013942435383796692, 0.8551647663116455, 0.8589910864830017, -0.25106164813041687, -0.1929660141468048, 0.25178688764572144, -0.6624778509140015, -0.06596044450998306, -1.0568511486053467, 0.39048030972480774, 0.05488944798707962, -0.031204581260681152, -1.0913431644439697, 0.10880853980779648, 0.0815683975815773, -0.7659908533096313, 0.36139392852783203, -0.6412758231163025, 0.4553965926170349, 0.2728763818740845, -0.6041322350502014, -0.22782450914382935, -1.1259077787399292, -0.31379011273384094, -0.7637874484062195, 0.551247775554657, 0.17991171777248383, 0.49220341444015503, 0.6288406848907471, -0.3911374509334564, 0.5638844966888428, -0.6080132722854614, -0.9603348970413208, -0.3634125590324402, -0.21233004331588745, 0.2499159574508667, -0.621931254863739, -0.5532562732696533, -0.9833899736404419, 0.2258589267730713, -0.3956862986087799, 0.3106771409511566, -0.03466060757637024, 0.0767935961484909, 0.5225769877433777, 0.348602294921875, 0.4317242205142975, -0.38013914227485657, 0.22686275839805603, 0.055162858217954636, 1.0314099788665771, 0.5314056277275085, -0.29274308681488037, -0.4925747215747833, 0.17908501625061035, -0.9558200836181641, 0.5481730103492737, 0.3427271842956543, -0.3806474208831787, -0.030966617166996002, 0.07593915611505508, 0.15612292289733887, 0.041791997849941254, -0.7835062742233276, -0.3086942434310913, -0.4460900127887726, -0.20180398225784302, 0.03411542996764183, -1.1317601203918457, 0.1530601978302002, -0.8370311856269836, -0.09927810728549957, 0.7494047284126282, 0.18675589561462402, -0.11881507933139801, 0.7746182680130005, -0.028180792927742004, -0.28419405221939087, 0.3748144507408142, 0.50027996301651, -0.42468491196632385, 0.23397305607795715, -1.154269814491272, 0.9127379655838013, 0.7588250637054443, 0.179190531373024, -0.21037200093269348, -0.008942842483520508, 0.42217159271240234, -0.16950057446956635, -0.14809152483940125, -0.5091801881790161, -0.4891431927680969, 0.874914288520813, -1.0809999704360962, 0.44989529252052307, 0.09676104038953781, -0.06548046320676804, -0.2790232002735138, 0.3710327446460724, 0.6630166172981262, 0.27666372060775757, -1.0039615631103516, 0.11866868287324905, -0.5564936399459839, 0.2648440897464752, -0.30852648615837097, -0.741666316986084, 1.0121902227401733, 0.1723651885986328, -0.367457777261734, 0.4244658946990967, 0.7345531582832336, 0.014517759904265404, 0.16609293222427368, 0.7367240786552429, -0.6791272759437561, 0.3150232434272766, 0.42159542441368103, 0.05130258947610855, -0.4585317373275757, -0.23976251482963562, 0.42663049697875977, -0.7422232627868652, 0.028655264526605606, -0.15685904026031494, 0.21758106350898743, -0.2367672622203827, -0.9058495759963989, -0.48007890582084656, 0.33680737018585205, -0.746304452419281, -0.021435871720314026, -0.3806961476802826, -0.4988558888435364, 0.6190565228462219, 0.6179349422454834, 0.3521841764450073, 0.21939513087272644, -0.9947212338447571, 0.05719255656003952, 0.26842841506004333, 0.6583620309829712, 0.6315714716911316, -0.33584895730018616, -0.209497332572937, 0.6475634574890137, -0.05982455983757973, -0.6407649517059326, -0.7280918955802917, 0.26536068320274353, -0.7466123700141907, -0.09658408164978027, -0.1446961760520935, 0.5755833387374878, -0.9647749662399292, -0.09533889591693878, 0.714954674243927, 1.2193779945373535, 0.18111398816108704, 0.4591597020626068, -0.22489802539348602, 0.5789663195610046, 0.47131529450416565, -0.6286798119544983, -0.37796106934547424, 0.8604443669319153, -0.617889404296875, 1.0067851543426514, 0.6790973544120789, 0.10976134240627289, -1.0078809261322021, -0.4456082880496979, -0.3374030590057373, -0.6510513424873352, -0.1290256530046463, -0.7698435187339783, -0.01879991963505745, -0.4873216450214386, 0.9946841597557068, -0.11192775517702103, -0.058430690318346024, 0.18265686929225922, -0.69462651014328, -0.5265112519264221, -0.23208993673324585, -0.36013415455818176, -1.1040799617767334, 0.6496731042861938, -0.3670388460159302, 0.767990231513977, -0.23700489103794098, 0.4568873345851898, -1.0276060104370117, 0.6789247989654541, 0.04340510442852974, 0.09743314981460571, -0.18602657318115234, -0.11753087490797043, 0.24238140881061554, -0.17563974857330322, 0.16884027421474457, -0.037275031208992004, -0.833879292011261, 0.46543970704078674, -0.7966572046279907, -0.2202657163143158, -0.049486175179481506, -0.3407714068889618, -0.41136932373046875, -0.528461217880249, 0.5620923042297363, -0.34156566858291626, 0.2241854965686798, -0.6452260613441467, 0.6937940716743469, 0.6260151267051697, 0.5414496064186096, -0.6705394387245178, -0.9557515978813171, -1.2013297080993652, -1.3110361099243164, 0.4324929118156433, -0.03876370191574097, -0.3509601950645447, -0.5600605607032776, -0.2530180513858795, 0.9365907907485962, 0.13237670063972473, 0.29778575897216797, 1.9303961992263794, -0.1367887407541275, -0.04626939445734024, -1.1628787517547607, 1.1732507944107056, 0.620048999786377, 0.2672136723995209, -0.7515630125999451, -0.4199798107147217, -0.6838436126708984, -0.31778284907341003, -0.17817051708698273, -0.9607159495353699, -1.0275799036026, 0.6917091012001038, 0.791812539100647, -0.2240166813135147, 1.0540417432785034, -0.513445258140564, -0.37575697898864746, -0.6470953226089478, 0.7764453291893005, 0.9757170677185059, -0.5260105729103088, 0.8862147331237793, 0.44524237513542175, -0.2543979585170746, 0.047703322023153305, -0.5317819714546204, -0.6223068833351135, -0.24618011713027954, 0.5120624899864197, 0.24522459506988525, -1.2131603956222534, 0.5897018313407898, 1.3693428039550781, -1.1831246614456177, -0.2319127321243286, -0.18622490763664246, -0.29720479249954224, 0.024136539548635483, -0.1478436440229416, -0.09064764529466629, 0.4986034631729126, -0.29074177145957947, 0.43516141176223755, -0.03360776603221893, 0.32384300231933594, 0.869048535823822, -0.41797080636024475, 0.7049874067306519, -0.6001748442649841, -0.7217218279838562, 0.8331047296524048, 0.06618628650903702, -0.45769041776657104, -0.20548926293849945, 0.020694643259048462, -0.5135531425476074, 0.39848092198371887, 1.312943935394287, -0.11673782765865326, 0.34492212533950806, 0.5434802770614624, 0.2874431908130646, 0.824669599533081, 0.16266772150993347, -0.08534005284309387, 0.5566661357879639, -0.01494267676025629, -0.15226441621780396, -0.25535252690315247, 0.5828450918197632, -0.6007769107818604, -0.3415772616863251, -0.4470940828323364, -0.08076255768537521, 0.546384334564209, 0.790327787399292, 0.21270634233951569, -0.4106670916080475, -0.5851403474807739, -0.37343916296958923, -0.879146158695221, -0.6211389303207397, -0.5662837028503418, 0.33057647943496704, 0.8305039405822754, 0.37992674112319946, -0.17145058512687683, 0.44303905963897705, 0.9259909987449646, -0.9957537651062012, 0.5630923509597778, -0.4345758557319641, 0.6839091777801514, -0.8493965864181519, -1.6603269577026367, -0.8165597319602966, 0.04866135120391846, -1.2294327020645142, 0.30856242775917053, -0.21530121564865112, 0.1489112675189972, -0.924517810344696, 0.923017144203186, 0.7129273414611816, 0.011617660522460938, 0.4140292704105377, -0.46374866366386414, 0.4476907253265381, 1.2335600852966309, 0.43980661034584045, 0.07145491987466812, 0.47950130701065063, -0.4534011781215668, 0.6214486956596375, -0.31980034708976746, -0.5047053098678589, -0.33728089928627014, 0.13730579614639282, 0.03898632153868675, -0.19327786564826965, -0.5609862804412842, -1.048040747642517, -0.232542484998703, -0.40740683674812317, 0.03450583666563034, -0.7640987038612366, 0.7807697057723999, -0.5181534290313721, 0.034623339772224426, -0.5559122562408447, 0.6021432876586914, 0.26899176836013794, 0.45196324586868286, 0.1998601257801056, 0.18972380459308624, -0.15381625294685364, -0.055549636483192444, 0.45227399468421936, 0.9926146864891052, 0.708869993686676, -0.38070523738861084, -0.7387874126434326, 0.232065811753273, 0.19984519481658936, 0.7921507358551025, -0.3356284499168396, -0.493823766708374, -0.8407480716705322, -0.22112590074539185, 0.5600548982620239, 0.024563327431678772, 0.900728702545166, -0.5346099734306335, 0.6273168921470642, -0.11667156219482422, -0.4307871460914612, 0.004902778659015894, -0.4996137022972107, -0.4708574414253235, 0.7397317290306091, -0.02016117423772812, -0.3610101640224457, 0.2995835542678833, -0.5058145523071289, -0.08663011342287064, 0.16231679916381836, -0.18803735077381134, -0.13566699624061584, 0.21424630284309387, 0.02468457631766796, 0.37699076533317566, 0.36918437480926514, -0.11818210780620575, 0.1671495884656906, 1.3173208236694336, -0.13165313005447388, -0.8361834287643433, 0.6206478476524353, 0.24183166027069092, 0.03366469591856003, -0.286618709564209, -0.37561336159706116, 0.7499439120292664, 0.21344566345214844, -0.6510791778564453, -0.538816511631012, -0.10282915830612183, 0.6693348288536072, 0.4722660481929779, -0.15947334468364716, 0.595219075679779, -0.8223652839660645, 0.37310758233070374, 0.2892014682292938, -0.39186203479766846, -0.972732663154602, 1.066462516784668, 0.44901934266090393, -0.358069509267807, 0.5943118333816528, -0.06475310027599335, 0.3435339033603668, -0.4313840866088867, -0.5299617648124695, -0.5094090104103088, 0.5740514397621155, 0.4587549567222595, 1.028747797012329, 0.35640209913253784, 0.18777652084827423, 0.09336597472429276, -0.3537735342979431, 0.5362303256988525, 0.20507419109344482, 0.5368337631225586, 0.004480455070734024, 0.3794357478618622, 0.3338778614997864, -0.1463555246591568, 0.3889402151107788, -0.11210735142230988, 0.24048016965389252, -0.12568384408950806, 0.23747898638248444, -0.1207330971956253, -0.017334267497062683, 0.866287112236023, -0.11316125094890594, 0.6671773195266724, -0.39866524934768677, 0.13445207476615906, -0.005336238071322441, 0.4259302318096161, 0.0824328362941742, 0.22079840302467346, 1.087109088897705, 0.17047999799251556, 0.0898377001285553, -0.13185416162014008, -0.04511116445064545, -0.15635262429714203, -0.8949280381202698, 0.10383420437574387, -0.5494943261146545, -0.04512747377157211, 0.09949371218681335, -0.2128252536058426, -1.1875014305114746, 0.8137622475624084, -0.03637784719467163, -0.15228213369846344, 0.11033464968204498, -0.5185290575027466, 0.13960735499858856, -0.5236343741416931, 1.203729510307312, -0.1340217888355255, -0.15864676237106323, 0.021272538229823112, -0.34743085503578186, -0.21213026344776154, -0.2853541672229767, -0.09170440584421158, 0.6232940554618835, 0.260290265083313, 0.5584044456481934, -0.2746950387954712, -0.3680163621902466, 0.09497526288032532, -0.37472811341285706, -0.8233968615531921, 0.08615556359291077, 0.11234082281589508, -0.6932788491249084, 0.13779132068157196, -1.2674250602722168, 0.5355071425437927, -0.5314081311225891, -0.2399415671825409, 0.03758061304688454, 0.6247668266296387, -0.2276233732700348, -0.9388808012008667, -0.5904836058616638, 0.31711703538894653, -0.1448468118906021, 0.5358350276947021, 0.630603551864624, 0.6373103260993958, -0.08822819590568542, 0.04464899003505707, -0.40882182121276855, -0.38464057445526123, 0.2539830505847931, -0.881720781326294, 1.0904722213745117, -0.189549058675766, -0.7948459982872009, -0.6400985717773438, -0.7787225842475891, -0.1721256673336029, 0.19000768661499023, -0.6130623817443848, -0.3923032879829407, 0.47667115926742554, 0.13303998112678528, -0.34949976205825806, 0.07972580194473267, 0.20677399635314941, -0.33252236247062683, 0.5378230810165405, 0.4296627640724182, -0.47921478748321533, 0.9212310314178467, 0.12306277453899384, -0.38324490189552307, 0.006041213870048523, -0.2596777677536011, 0.5215598940849304, -0.4621965289115906, 0.0513080358505249, -0.8776320815086365, 0.5787989497184753, 0.5388560891151428, -0.5679205060005188, -0.2930440306663513, 0.18315286934375763, 0.4276314973831177, -0.07363274693489075, -1.25101900100708, -0.19547630846500397, -0.8253163695335388, -0.357868492603302, -0.5582916140556335, 0.6369152069091797, 0.016009964048862457, 0.16978543996810913, 0.042696330696344376, -1.1901572942733765, 3.897736072540283, 1.1350761651992798, 0.3729288578033447, 0.3928334712982178, 0.8858860731124878, 1.8071517944335938, -0.1314629763364792, -0.35053324699401855, 0.12027224153280258, -0.016593534499406815, 0.5660666227340698, 0.17450939118862152, 0.7847335934638977, -0.06288616359233856, 0.08209023624658585, 1.0324068069458008, -0.5273692011833191, -0.0928727388381958, -0.597076416015625, -0.7512918710708618, -0.4777379333972931, 0.28783389925956726, -0.052953146398067474, 0.4388338327407837, 0.05908741056919098, -0.5322186946868896, 0.031369149684906006, -0.2609729766845703, 0.16202546656131744, -0.35226932168006897, 0.1728660762310028, -0.4879249334335327, 0.5483019351959229, -0.5173138380050659, -0.7930691838264465, 0.3835448622703552, 0.2205510139465332, -1.1819713115692139, -0.44456517696380615, 0.24127894639968872, -0.3341074585914612, -0.08947473764419556, 0.606873631477356, -0.8382298946380615, 0.45893213152885437, 0.31935957074165344, -0.542499840259552, 0.5905417799949646, -0.24690602719783783, -0.2677608132362366, 1.2399208545684814, -0.5015385150909424, -0.07864724099636078, -0.5446020364761353, -0.6751419305801392, 0.5763527154922485, 0.5426766276359558, -0.052050113677978516, -0.05414815992116928, 0.2544599771499634, -0.1445143222808838, 0.004015043377876282, -0.0755176767706871, 0.029378287494182587, -0.6531590819358826, 0.522800087928772, 0.849109947681427, 0.6183729767799377, -0.6088398694992065, -0.5769370794296265, -0.3731914758682251, -0.8799004554748535, -1.1714445352554321, -0.6285568475723267, 0.08037896454334259, -0.6336131691932678, -0.7305682301521301, -0.03932421654462814, 0.1947665959596634, -1.0409126281738281, -0.15684980154037476, -0.5726070404052734, 0.16633304953575134, -0.18126428127288818, 0.2990037798881531, 0.1500345766544342, -0.3171694278717041, -0.29251188039779663, -0.48931410908699036, 0.7206205129623413, 1.3148961067199707, 0.2401476800441742, -0.6050228476524353, 0.6584703922271729, 0.579917848110199]}', '2025-12-03 08:01:34');
INSERT INTO daily_contexto (date, secret_word, theme, nearby_words, created_at) VALUES ('2025-12-04', 'GLOBE', 'General', '{"embedding": [-0.04527558386325836, -0.7970406413078308, -0.15720292925834656, -0.31823548674583435, -0.3489740490913391, 0.12337376177310944, 0.055821262300014496, 0.10812266170978546, 0.8485051393508911, 0.2388380765914917, 1.1968011856079102, -0.2745973765850067, 0.06366685777902603, -0.26076236367225647, -0.45561644434928894, 0.06881295889616013, -0.652296245098114, -0.5189217925071716, -0.3111509084701538, 0.29887622594833374, -0.2481856644153595, -0.021218828856945038, -1.389416217803955, -0.48822540044784546, -0.3018564283847809, 0.3585752248764038, -0.6881159543991089, 0.15411145985126495, 1.0992867946624756, 0.9134300351142883, -0.0383521132171154, -0.17035268247127533, 0.09798038750886917, -0.7882328629493713, 0.0008045928552746773, -0.6333211660385132, -0.10562199354171753, -0.7331901788711548, 0.018941108137369156, -0.9741452932357788, -0.20208343863487244, -0.9317261576652527, 0.6648992896080017, -0.09590627253055573, 0.44367945194244385, -0.025341864675283432, -0.48568737506866455, -0.7993439435958862, 0.02441273257136345, -0.28092265129089355, 0.07600261270999908, -0.029523395001888275, 0.44293227791786194, -0.3169206976890564, -0.3979765772819519, -0.004137003794312477, -0.3499128818511963, 0.1619485318660736, -0.14649797976016998, 1.115313172340393, 0.8611190319061279, -0.03290916234254837, 0.5105987191200256, -1.2918146848678589, -0.28916263580322266, 0.14083552360534668, 0.5018987655639648, -0.6115456223487854, 0.2779555916786194, 0.030156709253787994, -0.35308027267456055, 0.508728563785553, -0.09322062879800797, -0.4915708601474762, 0.12274801731109619, 0.41267257928848267, -0.3635442554950714, -0.0638246163725853, -0.0016331523656845093, -0.07685253024101257, 0.38069647550582886, -0.016619935631752014, -0.10505464673042297, 0.17140477895736694, 0.0015050414949655533, -0.25593602657318115, 0.24417263269424438, 0.3076607882976532, 0.5593957901000977, 0.3871116042137146, 0.2892874777317047, 0.3660013675689697, -0.7240223288536072, -0.6069406270980835, -0.23441115021705627, 0.25703027844429016, 0.10434097796678543, 0.3780535161495209, -0.5504316091537476, 0.23575787246227264, 0.3355444371700287, 0.5140129923820496, -0.45809662342071533, 1.100581169128418, -0.028918392956256866, 0.05066102370619774, -0.3561098277568817, -0.03064001351594925, -0.858668863773346, -1.146437168121338, -0.1272910237312317, -0.04833246394991875, 0.5088049173355103, 0.16955940425395966, 0.6575096249580383, 0.46927598118782043, 0.7195307612419128, 0.48240983486175537, 0.32503336668014526, -0.017906181514263153, -0.4162977933883667, 0.28682786226272583, -0.32469090819358826, 0.02332933619618416, -0.010627858340740204, 0.036427587270736694, -0.6630192995071411, 0.5815642476081848, -0.21822381019592285, -0.13168509304523468, 0.10025998950004578, -0.6737001538276672, 0.5913351774215698, 0.3377981185913086, 0.4090815782546997, 0.4237861633300781, -0.12282484769821167, 0.34156709909439087, 0.7072601318359375, -0.482667475938797, 0.8330004215240479, 0.2724866271018982, 0.0904620885848999, 1.209776520729065, -0.24458572268486023, 0.6949930191040039, -0.1700308918952942, -0.3270840048789978, -0.6064034700393677, 0.6559630632400513, -0.9915781617164612, -0.00648045539855957, 0.3383435606956482, 0.3290986716747284, -0.18225114047527313, 0.09830158203840256, -0.09024210274219513, 0.2613266706466675, 0.4388793408870697, 0.28197911381721497, -0.5573699474334717, 0.14877429604530334, -1.0014251470565796, 0.22309677302837372, -0.3104002773761749, 0.4225156605243683, -0.43224185705184937, -1.2305755615234375, -0.16704967617988586, 0.14250007271766663, -0.46396392583847046, 0.16873948276042938, -0.47592538595199585, -0.09129424393177032, -0.05684589594602585, 0.27544593811035156, 0.4387715458869934, -0.21338477730751038, 0.4477148652076721, 0.93895423412323, -0.20459558069705963, 0.2662709355354309, 0.5007035732269287, 0.7424554824829102, -0.19223405420780182, -0.047232672572135925, -0.5883309841156006, -0.5669901967048645, 0.33987876772880554, 0.14924496412277222, -0.13163766264915466, 0.27818763256073, -0.06873711943626404, 0.2579576373100281, -0.6673505902290344, -0.026330895721912384, -0.49353545904159546, -0.28539079427719116, 0.26767241954803467, -1.0018362998962402, -0.8537893891334534, 0.7317758202552795, -1.0673742294311523, 0.1864359974861145, -0.18056043982505798, -0.449148029088974, 0.6140030026435852, 0.9858677983283997, -0.5787515640258789, -0.6069443821907043, 1.0931439399719238, 0.5747929811477661, -0.39179790019989014, -0.3285861015319824, 0.09720592945814133, 0.2628263533115387, -0.3398936092853546, 0.484138160943985, -0.6427462100982666, 0.055534325540065765, 0.559709906578064, 0.20736199617385864, 0.3208940625190735, 0.8293050527572632, -0.08314316719770432, 0.30571889877319336, -0.08794214576482773, 0.6808159947395325, 0.31402069330215454, -0.12147554010152817, -0.5065690875053406, 0.40635934472084045, -0.19095459580421448, 0.30439475178718567, 0.7779879570007324, 0.49914222955703735, 0.6102997064590454, 0.33287471532821655, 0.41155678033828735, -0.6740580201148987, -0.07247309386730194, -0.1153491735458374, 0.5760673880577087, -0.07546903192996979, 0.04825767129659653, 1.4825316667556763, 0.1711423099040985, 0.3304208815097809, -0.046099141240119934, 0.981039822101593, -0.02324870228767395, 0.23071657121181488, 0.3759967088699341, -0.1893162727355957, -0.7012956142425537, 0.36834877729415894, 0.08802185952663422, 0.8068250417709351, -0.04188302159309387, -0.7311927080154419, 0.10897204279899597, 0.45482563972473145, 0.2371189445257187, 0.47244173288345337, -0.17356233298778534, 0.11563579738140106, -0.11930320411920547, 0.0534684956073761, 0.416115939617157, -1.1811200380325317, -0.5773155093193054, -0.4163177013397217, -0.7192865610122681, -0.4697437286376953, -0.7331368327140808, -0.6478703022003174, 0.3471730053424835, -0.17942729592323303, 0.570076584815979, 0.32298731803894043, 0.4028981328010559, -0.09111696481704712, -0.08940628916025162, 0.13867181539535522, 0.4492313265800476, 0.7376632690429688, -0.21503254771232605, 0.35039395093917847, 0.6982812881469727, 0.5506594777107239, -1.032124400138855, 0.21122092008590698, 0.01844746619462967, -0.20750460028648376, -0.6816602349281311, -0.15825460851192474, -0.11049079895019531, -0.3082118630409241, -0.27376458048820496, -0.7032213807106018, 0.036163702607154846, 0.8970494866371155, -0.490968257188797, 0.05301608890295029, -0.223960742354393, 0.47054430842399597, -0.24785611033439636, -0.21382761001586914, 1.1159093379974365, -0.10293762385845184, -0.5439584851264954, 0.6649231910705566, 0.14111408591270447, -0.15413522720336914, -0.5988086462020874, 0.21357789635658264, 0.6671330332756042, 0.2648247480392456, -0.13773472607135773, 0.013644356280565262, -0.35327818989753723, -0.7371788620948792, -0.1645669788122177, -0.17701736092567444, -0.7173919081687927, 0.22394078969955444, 0.7261436581611633, -0.7400359511375427, 0.3199266493320465, -0.4340483546257019, -1.3516281843185425, -0.25441041588783264, -0.8050007820129395, 0.10492577403783798, -0.31660282611846924, -0.2708371579647064, -0.651762068271637, -0.19189754128456116, 0.05720383673906326, -0.2612258493900299, 0.6913257241249084, -0.7334230542182922, -0.021496973931789398, 0.1876566857099533, -0.40548229217529297, 0.8562420606613159, 0.9760398268699646, 0.4200848937034607, -0.23647327721118927, -0.011606298387050629, -0.7732478380203247, -0.24574418365955353, 0.08034171164035797, 0.0882420763373375, -0.26400667428970337, 0.7234869599342346, -0.14960533380508423, -0.11096207797527313, -0.2877030074596405, -0.1613071858882904, 0.0015353858470916748, 0.16659754514694214, 0.22932176291942596, 0.05346404388546944, -0.256370484828949, -1.2665507793426514, 0.6035959720611572, -0.06122137978672981, -0.08932672441005707, -0.6945641040802002, 1.0356329679489136, -0.14170193672180176, -0.670914888381958, -0.42382287979125977, -0.5140708684921265, -0.2326980084180832, 0.852033793926239, 0.33446556329727173, 0.312282919883728, -1.155593752861023, 0.6103354692459106, -1.1853629350662231, 0.4017010033130646, 0.30948156118392944, 0.4569151699542999, -0.2780938148498535, 0.09694215655326843, -0.5464233756065369, -0.09090368449687958, -0.6867184638977051, -0.0845160111784935, -0.39524438977241516, 0.2884504497051239, 0.39059752225875854, -0.9434484243392944, -0.4866686463356018, 0.6140164732933044, 0.3610135316848755, 0.7965801358222961, -0.4363497793674469, 1.1296441555023193, 0.10696585476398468, 0.332217812538147, 0.06880030035972595, 0.006362812593579292, -0.22485867142677307, -0.021635090932250023, 0.6258172988891602, 0.12261322140693665, 0.011579141020774841, -0.7978628277778625, -0.008891239762306213, -0.5817477107048035, 0.3411700129508972, 0.23646210134029388, 0.29423820972442627, -0.9473506808280945, -0.03948274999856949, 0.0014132973738014698, 0.6497581005096436, -0.5982932448387146, -0.43339666724205017, 0.40115922689437866, 1.0169548988342285, 0.08857899159193039, -0.8982956409454346, -0.15086080133914948, -0.5207328200340271, 0.24252384901046753, 0.4696522057056427, 0.036977823823690414, -0.4115883409976959, -0.3791233003139496, -0.16014234721660614, -0.09213079512119293, 0.02882499247789383, 0.26393723487854004, -0.010001212358474731, 0.2157038301229477, -0.8073557019233704, 0.441618412733078, 0.6254177689552307, 0.3534094989299774, -0.18567749857902527, 0.12120268493890762, 0.2835230231285095, 0.18785211443901062, 0.16458721458911896, -0.728373646736145, -0.5218665599822998, 0.3206431269645691, -0.5967862606048584, 0.6807017922401428, 0.2033982276916504, -1.0893584489822388, -0.3741716742515564, 0.015652641654014587, -0.0013250969350337982, 0.19453060626983643, -0.8184513449668884, 0.211235910654068, 0.05526767671108246, 1.208382487297058, -0.36953768134117126, -0.39631035923957825, 0.7206712365150452, -0.4583752453327179, 0.737662672996521, 0.47837647795677185, 0.5049725770950317, 0.2285114824771881, 0.049988679587841034, -0.28019994497299194, -0.47067952156066895, 0.003449568524956703, -0.49995213747024536, -0.3434278964996338, -0.2654601037502289, -0.6127577424049377, 0.43291857838630676, 0.5809634327888489, 0.45719385147094727, -0.15580949187278748, 0.15539681911468506, -0.5165941715240479, -1.3171395063400269, -0.08848875761032104, 0.7897839546203613, 0.10340643674135208, 0.17597584426403046, -0.4791516065597534, -0.39992663264274597, 0.11023390293121338, -0.572449803352356, -0.3582843244075775, -0.7065116167068481, -0.46800655126571655, -0.17670539021492004, -0.4756430983543396, -0.1932218372821808, 0.7796154022216797, -0.28473761677742004, -0.7476105690002441, 0.22176431119441986, -0.500535249710083, -1.0577105283737183, -0.2856829762458801, 0.3671048581600189, 0.23431554436683655, 0.20077089965343475, 0.36664846539497375, -0.16393445432186127, -0.4681551456451416, -0.0883944183588028, 0.42145445942878723, 0.515739917755127, 0.16221417486667633, -0.19117139279842377, 0.326081246137619, 0.18791693449020386, 0.5704959630966187, -0.6571704149246216, 0.030679121613502502, 0.543991208076477, 0.015546724200248718, -0.310115784406662, -0.42888617515563965, 0.03421366214752197, -0.3334221839904785, -0.8289225697517395, -0.31960636377334595, -0.9149799346923828, -0.8547059893608093, -0.3912493884563446, -0.035389140248298645, -0.07726700603961945, 0.36270561814308167, 0.23357990384101868, -0.17777356505393982, 0.7745460271835327, -0.710534930229187, 0.31870588660240173, -0.5646190047264099, -0.6758967638015747, -0.3502805829048157, -0.8882734775543213, -0.007723800837993622, 0.8968969583511353, -0.2716897428035736, 0.16894394159317017, -0.4885753095149994, -0.5913559794425964, 0.2891499996185303, -0.5146745443344116, -0.26750460267066956, -0.2263227254152298, -0.20001548528671265, 0.013758648186922073, 0.1587410569190979, -0.36531078815460205, -0.3901880979537964, 0.9001685976982117, -0.42591655254364014, -0.05806022137403488, 0.2813757061958313, 0.27514591813087463, -0.5374146103858948, -0.5773718357086182, 0.6491857171058655, -0.6106911897659302, 0.12102721631526947, -0.4434370994567871, 0.8821685314178467, 1.0159687995910645, -0.30865082144737244, -0.5287171602249146, -0.7383880615234375, -0.353047251701355, -0.4907195568084717, 0.4507184624671936, -0.23534032702445984, -0.6713822484016418, -0.550979495048523, 0.08708182722330093, 0.9686664938926697, 0.17296375334262848, 0.39370229840278625, 0.9112767577171326, 0.025220170617103577, -0.14966458082199097, -0.9314509034156799, 0.6781960129737854, 0.8476269841194153, 0.19316735863685608, -0.18432533740997314, -0.5323014855384827, -0.4592500925064087, 0.4320279359817505, -0.0024216575548052788, -0.8425995707511902, -1.1740468740463257, 0.26856064796447754, 0.8545882105827332, -0.6433095932006836, 0.6519688963890076, 0.055755939334630966, -0.42793524265289307, -0.7564954161643982, 0.6698068976402283, 0.43245381116867065, 0.11619211733341217, 0.6837353110313416, 0.19621539115905762, -0.35616782307624817, 0.7585843205451965, 0.5189180374145508, -0.22010070085525513, 0.09467044472694397, 0.581259548664093, -0.5048878788948059, -1.1936237812042236, 0.6747915744781494, 0.9766703844070435, -0.4752747416496277, -0.7716947793960571, -0.5414533019065857, -0.3221515417098999, 0.31167057156562805, -0.6391635537147522, 0.04745655506849289, -0.07569092512130737, -0.9336003661155701, -0.12756912410259247, 0.4547356963157654, -0.002474375069141388, 0.24103426933288574, 0.035348452627658844, 0.6624022126197815, -0.33898359537124634, 0.13154342770576477, 0.4014556407928467, -0.45412564277648926, 0.0725911483168602, -0.09911597520112991, -0.7858483195304871, 0.48826706409454346, 0.7103390097618103, -0.005380779504776001, -0.05282703414559364, -0.05092685669660568, 0.13305917382240295, 0.16681890189647675, -0.09872959554195404, 0.46247416734695435, -0.6476664543151855, 0.23594409227371216, -0.3681131899356842, -0.5927501916885376, -0.7292372584342957, 1.022769570350647, 0.2719094157218933, 0.15185119211673737, -0.8629944324493408, -0.53890460729599, 0.7894205451011658, -0.4462507367134094, -0.15513817965984344, -0.27240997552871704, -0.3504168391227722, -0.44369828701019287, -0.41068077087402344, -0.7472726702690125, 0.07957342267036438, -0.022950582206249237, 0.17825645208358765, -0.3474942445755005, -0.3219068646430969, 0.24716816842556, 0.8210926651954651, 0.131615549325943, 0.4292393624782562, 0.49563512206077576, 0.041925664991140366, -0.5188804268836975, -0.869672417640686, -0.5185693502426147, -0.41544127464294434, -0.6346626281738281, 0.16025808453559875, -0.1948823481798172, -0.10296174883842468, -0.1538442224264145, 0.7411173582077026, 0.8606736660003662, -0.36020979285240173, 0.07285771518945694, -0.07145873457193375, -0.6479960680007935, 1.059994101524353, -0.07092980295419693, 0.005128815770149231, 0.7929406762123108, -0.7609682083129883, -0.21414102613925934, 0.15803967416286469, -0.31478092074394226, -0.20956239104270935, 0.751209557056427, 0.21221673488616943, 0.2976701855659485, -0.02577962726354599, -0.6823134422302246, 0.039565395563840866, -0.03973683714866638, 0.1735914945602417, -0.07462018728256226, 0.6206409335136414, 0.06902430951595306, -0.041741743683815, 0.691161036491394, 1.2138493061065674, -0.09862731397151947, 0.6683459877967834, -0.11016766726970673, 0.20455126464366913, 0.12620075047016144, 0.32208335399627686, 0.3970959782600403, 0.17995119094848633, 0.25277966260910034, -0.2846406102180481, -0.6376920342445374, 0.015166565775871277, 0.21829581260681152, 0.4699518084526062, 0.12801752984523773, -0.2496277093887329, -0.10537372529506683, -0.3951936364173889, -0.37156134843826294, 0.7324864864349365, 0.9142045378684998, 0.015017256140708923, 0.9371904134750366, -0.4819145202636719, -0.8098544478416443, 0.19545738399028778, -0.633782148361206, -0.3986518979072571, -0.02227320522069931, -0.2080133855342865, 0.6402611136436462, -0.07831762731075287, -1.658017635345459, -0.013998137786984444, -0.5053480267524719, 0.04383702203631401, -0.11158549040555954, 0.40841689705848694, -0.20375342667102814, 0.26906734704971313, -0.33584296703338623, -0.1693652719259262, 0.24200177192687988, 1.0151705741882324, 0.32316601276397705, -0.587446928024292, 0.1453007161617279, 0.05029165744781494, 0.629709005355835, 0.23301492631435394, -0.24731728434562683, -0.0029258993454277515, -0.3777596950531006, -0.174629807472229, 0.4154011011123657, 0.30250123143196106, 0.0950387567281723, 0.19701723754405975, -0.43646275997161865, 0.08747139573097229, -0.035036396235227585, 0.21106046438217163, -0.39605578780174255, -0.5754191279411316, -0.08184607326984406, 0.25985604524612427, 0.5739587545394897, 0.4446144104003906, 0.005139537155628204, -0.13464400172233582, 0.20091919600963593, 0.10239581763744354, -1.0000519752502441, -0.266568124294281, 0.45842453837394714, -0.2230324149131775, 0.39778977632522583, 0.16477632522583008, 0.3040331304073334, 0.2378760725259781, -0.07329893857240677, -0.3205753266811371, -0.04877224564552307, 0.0082852803170681, 0.23804797232151031, -0.08260415494441986, -0.09825269877910614, 0.7000085711479187, -0.13023272156715393, 0.10082025080919266, 0.7055562138557434, -0.13854679465293884, 0.22522424161434174, -0.44914117455482483, 0.33102408051490784, 1.0784850120544434, -0.809120237827301, 0.19144578278064728, -0.5090579986572266, 0.05299604684114456, -0.7471573948860168, 0.4168033003807068, 0.7161795496940613, 0.9247450828552246, -0.3271624445915222, -0.13592353463172913, -0.9574947953224182, 0.5372689962387085, 0.37702980637550354, 0.2732938528060913, -0.07279975712299347, -0.41628220677375793, 0.13148429989814758, 0.3182523548603058, -0.29376834630966187, -0.6578535437583923, -1.0689244270324707, 0.3809352517127991, 0.07903062552213669, -0.11155164986848831, 0.1728207767009735, -0.6144041419029236, -0.288661390542984, -0.5751771926879883, 0.5292941331863403, -1.1804726123809814, -0.2940891683101654, -0.1686619073152542, -0.5349057912826538, -0.09212083369493484, 0.72218257188797, 0.02271503210067749, 0.8695018291473389, 0.22628384828567505, 0.6696269512176514, 0.4417992830276489, 0.8469581604003906, 1.1108145713806152, -0.300812304019928, -0.607620894908905, 0.1356860101222992, -0.2608909010887146, -0.23048833012580872, 0.406331330537796, -0.3511936068534851, 0.33077383041381836, -0.6934898495674133, -0.7249354124069214, -0.5204881429672241, 0.40688955783843994, 0.5092300772666931, 0.20602615177631378, -0.16452139616012573, 0.5214781761169434, -0.013719182461500168, -0.8024351596832275, 0.4004509747028351, 0.717409074306488, -0.27527716755867004, 0.14336460828781128, 0.03702843189239502, -0.2993428707122803, 0.13591107726097107, -0.49643006920814514, 0.6235215663909912, -0.30719050765037537, 0.1657351702451706, 0.04186466336250305, -0.7230226993560791, 0.20833075046539307, -0.14444532990455627, -0.3756484091281891, -0.3797188401222229, 0.7690529227256775, 0.6923956871032715, 0.07914923131465912, 0.07498138397932053, -0.5946413278579712, -0.5146023631095886, 0.5398250818252563, 1.0472352504730225, 0.3625980317592621, 0.34053799510002136, 0.045085303485393524, 0.04613867402076721, -0.018336795270442963, -0.5976991653442383, 0.6106642484664917, -0.473183274269104, 0.3915804326534271, -0.07314474135637283, -0.07209647446870804, 0.44856545329093933, -0.6074416637420654, 0.37803715467453003, 0.28784698247909546, 1.0421993732452393, -0.3224670886993408, -0.8237496018409729, -0.04506734013557434, -0.5796149373054504, 0.6249396800994873, 0.7262753844261169, 0.5787684917449951, -0.21712934970855713, 0.6037523150444031, 0.0833941251039505, -0.9386606216430664, 4.351955890655518, 0.8240168690681458, 0.806002676486969, 0.23714472353458405, 0.2935824692249298, -0.0687253326177597, 0.32286491990089417, -0.6110372543334961, -0.41795751452445984, 0.08111894130706787, 0.3119785785675049, 0.2830699384212494, 0.4302719533443451, 0.09553010016679764, -0.24596354365348816, 0.8729860782623291, -0.6168888807296753, -0.4679713249206543, 0.14600108563899994, -0.5935091972351074, -0.7344939112663269, -0.05072695389389992, -0.06302772462368011, 0.7030942440032959, -0.1753348708152771, -0.35779425501823425, 0.592828094959259, -0.7362080216407776, -0.36492276191711426, 0.4603096544742584, -0.07109606266021729, -0.5530574917793274, 0.6732375025749207, -0.006724070757627487, -0.5510895848274231, 0.07438340783119202, 0.5078812837600708, -0.7707207798957825, -0.1832980215549469, -0.3474287986755371, -0.37916725873947144, 0.11648963391780853, 0.68076491355896, -0.011737115681171417, 0.0561649426817894, -0.17407895624637604, -0.2614111602306366, 0.17536874115467072, 0.2770574688911438, -0.2956855297088623, 1.0099964141845703, -0.6277247667312622, 0.04176845774054527, 0.5507177114486694, -1.0384832620620728, -0.24174383282661438, 0.1680585741996765, -0.19445589184761047, -0.03038506768643856, 0.403643399477005, 0.6935519576072693, -0.3880797326564789, -0.6704391837120056, 0.19936341047286987, -0.4745132327079773, 0.6405742168426514, 0.29041028022766113, 0.6974036693572998, -0.16441954672336578, -0.3289288282394409, -0.11109437793493271, -0.281646192073822, 0.31683844327926636, 0.6869937181472778, 0.3249223828315735, 0.4905729293823242, -0.4559330642223358, -0.3524402379989624, -0.18202663958072662, -0.46485432982444763, -0.0006814301013946533, 0.021781545132398605, -0.685146152973175, 0.24935749173164368, 0.7292519807815552, 0.5610991716384888, -0.4216657876968384, -0.8919075727462769, -0.19943033158779144, 0.6945239305496216, 0.6637399196624756, 0.7403184175491333, -0.46147751808166504, -0.31775611639022827, 0.3169490396976471]}', '2025-12-04 08:24:46');
INSERT INTO contexto_scores (date, player_name, guesses, solved, created_at) VALUES ('2025-11-29', 'KATIE', 28, 1, '2025-11-29 18:49:19');
INSERT INTO contexto_scores (date, player_name, guesses, solved, created_at) VALUES ('2025-11-29', 'MICHEAL', 16, 1, '2025-11-29 22:34:44');
INSERT INTO adastra_accounts (id, username, password_hash, created_at, last_login, is_admin, is_banned) VALUES (1, 'admin', '240be518fabd2724ddb6f04eeb1da5967448d7e831c08c8fa822809f74c720a9', '2025-11-29T19:53:52.106316', '2025-11-29T19:56:12.055763', 1, 0);
INSERT INTO adastra_accounts (id, username, password_hash, created_at, last_login, is_admin, is_banned) VALUES (2, 'Roy Folker', '1e2f3ee30ee529b2e6d99d6c91a34137bf19b0825580eb53dda3ed77155f3dfe', '2025-11-29T19:56:42.376240', '2025-11-29T19:56:42.945973', 0, 0);
INSERT INTO adastra_players (id, account_id, pilot_name, ship_name, credits, turns, current_sector, ship_type, cargo, equipment, game_state, last_activity, ship_variant) VALUES (1, 2, 'Roy Folker', 'Blue Balls', 7755, 40, 87, 'scout', '{}', '{}', '{"username": "Roy Folker", "pilotName": "Roy Folker", "credits": 7755, "turns": 40, "maxTurns": 200, "currentSector": 87, "ship": {"name": "Blue Balls", "type": "scout", "hullMax": 100, "hull": 70, "cargoMax": 50, "cargo": 0, "fuelMax": 100, "fuel": 85, "shields": 50, "shieldsMax": 50, "weapons": 20, "weaponsMax": 20, "speed": 1}, "shipVariant": 1, "cargo": {}, "stats": {"sectorsVisited": 2, "creditsEarned": 0, "combatsWon": 0, "combatsLost": 0, "tradesCompleted": 0, "eventsEncountered": 0}, "lastLogin": 1764475019494, "lastTurnRegen": 1764475019494, "lastDailyReset": "Sat Nov 29 2025", "created": 1764475019494}', '2025-11-29T20:03:29.562489', 1);
INSERT INTO adastra_settings (key, value) VALUES ('starting_sector', '1');
INSERT INTO adastra_settings (key, value) VALUES ('starting_credits', '10000');
INSERT INTO adastra_settings (key, value) VALUES ('starting_turns', '50');
INSERT INTO adastra_settings (key, value) VALUES ('starting_fuel', '100');
INSERT INTO adastra_settings (key, value) VALUES ('starting_hull', '100');
INSERT INTO adastra_settings (key, value) VALUES ('starting_shields', '100');
INSERT INTO adastra_sessions (id, account_id, token, created_at, expires_at) VALUES (1, 1, 'a838908b0430686cb74ed174968ad2b5ee920ef7cac19ff403d8b7712f117b20', '2025-11-29T19:54:16.560624', '2025-11-29T19:54:16.560624');
INSERT INTO adastra_sessions (id, account_id, token, created_at, expires_at) VALUES (2, 1, '7efb443188a8e1b9c576176258439e71250d7656e1f22d0ce3d36228d3c00008', '2025-11-29T19:56:12.055763', '2025-11-29T19:56:12.055763');
INSERT INTO adastra_sessions (id, account_id, token, created_at, expires_at) VALUES (3, 2, '3a97315a17936dcffddc8534275404ca2787d85633b09ffdfde6e74e807ebd61', '2025-11-29T19:56:42.376240', '2025-11-29T19:56:42.377747');
INSERT INTO adastra_sessions (id, account_id, token, created_at, expires_at) VALUES (4, 2, '7440099421d74c488b396c6c93b4810070ac8aee28ee552f48e636388a0f65f4', '2025-11-29T19:56:42.945973', '2025-11-29T19:56:42.945973');
INSERT INTO daily_spellingbee (date, center_letter, outer_letters, valid_words, pangrams, max_points, created_at) VALUES ('2025-11-29', 'S', 'RYOGIA', '["GOOSY", "IORAS", "RAYAS", "GASSY", "SAGOS", "ARRAS", "YIRRS", "SOARS", "SIRRA", "AGIOS", "SASSY", "GYROS", "GARIS", "ROSSA", "ORRIS", "RIGGS", "GIROS", "GAIRS", "GOORS", "SORGO", "SARIS", "SAIGA", "AGARS", "SAGAR", "RAGIS", "GOGOS", "SIGRI", "SAIRS", "YARRS", "YOYOS", "GROGS", "AIGAS", "RASAS", "OASIS", "GRIGS", "ASSAI", "SIRIS", "OSSIA", "SORAS", "ARIAS", "GORIS", "OSARS", "YAGIS", "SORRA", "SARIR", "GORSY", "SARGO", "GIRRS", "ARARS", "SAROS", "YAASS", "GOOGS", "YAARS", "SAAGS", "SAGGY", "RAGGS", "AGROS", "GROSS", "GIGAS", "ASSAY", "YOGAS", "RAIAS", "ROSSO", "ARRIS", "SORRY", "YOGIS", "ARSIS", "RAGAS", "SAYAS", "OOAAS", "SOYAS", "SISSY", "ROOSA", "GRASS", "ROARS", "SOGGY", "GRISY", "GORAS", "SAGAS", "YAYAS", "GRAYS"]', '[]', 405, '2025-11-30 06:02:55');
INSERT INTO daily_spellingbee (date, center_letter, outer_letters, valid_words, pangrams, max_points, created_at) VALUES ('2025-11-30', 'S', 'WLURED', '["SERRS", "DERES", "ERSES", "USERS", "RUSES", "RUSSE", "LEUDS", "SEDES", "WEEDS", "ESSES", "SUDDS", "WULLS", "SUSUS", "EWERS", "SERED", "SERRE", "SEERS", "WUSES", "SELES", "DEEDS", "RURUS", "SUSED", "SLEER", "RUDES", "DRESS", "DESSE", "LULUS", "LUDES", "SWEER", "SERER", "SEELD", "SUERS", "REUSE", "LURES", "RESEW", "RESUE", "LUSUS", "LUSER", "LEDES", "DELES", "USURE", "DEERS", "DRUSE", "LULLS", "DREES", "DULSE", "SWEES", "SELLS", "SEWED", "SELLE", "SEDER", "SUEDE", "REDDS", "SERES", "SEWER", "SLURS", "DULLS", "WUDUS", "SURDS", "SUSES", "RESUS", "RESEE", "WELDS", "DURES", "SWEDE", "SLUED", "REEDS", "LESES", "DURRS", "RESES", "SLEWS", "SULUS", "SEEDS", "LERES", "SLUES", "SWEED", "SWELL", "DULES", "REELS", "SWEEL", "RULES", "WELLS", "SEELS", "LEERS", "LEESE", "SURES", "DUELS", "RUDDS", "SEWEL", "SULLS", "DUDES", "DELLS", "RUERS", "REDES", "SLUSE", "WEELS", "SURER", "SLEDS", "SURED"]', '[]', 495, '2025-11-30 08:30:42');
INSERT INTO daily_spellingbee (date, center_letter, outer_letters, valid_words, pangrams, max_points, created_at) VALUES ('2025-12-01', 'R', 'IDQSUE', '["SURDS", "REDED", "RISUS", "RESES", "SUERS", "RUSSE", "EERIE", "URDEE", "REEDE", "RIDER", "RESUE", "SURES", "RUERS", "QUEER", "SURED", "RUDES", "ERRED", "DEERE", "DURED", "REUSE", "DRERE", "EIDER", "USERS", "DREED", "DRESS", "RUDIS", "UDDER", "SERES", "DREES", "DURES", "SERRE", "REEDS", "UREID", "DIRER", "IRIDS", "SEIRS", "RUSES", "SIRES", "SERER", "DREER", "DRUSE", "SERRS", "URSID", "REDID", "SIEUR", "REERD", "DERES", "ERSES", "RIDES", "RUDER", "RISER", "QUIRE", "SEDER", "RIQQS", "DEERS", "RUDIE", "SEERS", "SIDER", "DRIES", "RURUS", "SERED", "REDES", "RESUS", "DRUID", "RISES", "DURRS", "DRIED", "REIRD", "RESEE", "SIRED", "SIRIS", "DERED", "RESID", "SERIR", "RUDDS", "SURER", "REDDS", "SIREE", "USURE", "DRIER"]', '[]', 400, '2025-12-01 16:14:39');
INSERT INTO daily_spellingbee (date, center_letter, outer_letters, valid_words, pangrams, max_points, created_at) VALUES ('2025-12-02', 'A', 'ERILWJ', '["WARRE", "LIWAA", "ALLEL", "AWARI", "WRAWL", "ARERE", "ALLEE", "RAILE", "ALALA", "RAREE", "JEERA", "AWEEL", "AREAL", "WALLA", "RAWER", "AREAE", "LEARE", "AERIE", "AREAR", "ILEAL", "RARER", "WALER", "WALIE", "AIRER", "WIRRA", "LAREE", "AALII", "ALLER", "ARIEL", "LAWER", "ILIAL", "LEEAR", "AWARE", "WILJA", "RALLI", "LAARI"]', '[]', 180, '2025-12-02 08:00:44');
INSERT INTO daily_spellingbee (date, center_letter, outer_letters, valid_words, pangrams, max_points, created_at) VALUES ('2025-12-03', 'A', 'INRLMY', '["RAMIN", "LAMMY", "LAARI", "MYALL", "LLAMA", "ALLAN", "ALLAY", "MAMMY", "AALII", "LAIRY", "RAMAL", "ARRAY", "MARRA", "INARM", "MAYAN", "MANLY", "MAILL", "MILIA", "MARAL", "NARRA", "ANNAL", "MINAR", "MALMY", "MANIA", "ANNAN", "MAMIL", "ARMIL", "AMMAN", "NAILY", "RIYAL", "RALLI", "MARAN", "RAINY", "RAMMY", "MALAR", "LIANA", "ANANA", "MARIL", "RALLY", "MARIA", "AMAIN", "MIRAA", "MARAY", "MANNA", "ILIAL", "NANNY", "ALLIN", "NALLA", "NAMMA", "ALALA", "ALARY", "INLAY", "ALIYA", "LAYIN", "ANIMI", "NANNA", "ANIMA", "YARRA", "IMARI", "MARRY", "LIMMA", "MALAM", "MANNY", "NAIRA", "AMNIA", "MYLAR", "AMARI", "ALARM", "MARLY", "ALLYL", "LAMIA", "AYAYA", "MARRI", "MAMMA", "RANNY", "MALAI", "MARMA", "LIMAN", "NYALA", "LANAI"]', '[]', 400, '2025-12-03 08:01:34');
INSERT INTO daily_spellingbee (date, center_letter, outer_letters, valid_words, pangrams, max_points, created_at) VALUES ('2025-12-04', 'A', 'SBUTKN', '["ANSAS", "BANTU", "ANNAS", "ANNAN", "STABS", "SANSA", "TSUBA", "NANAS", "TANSU", "KUTAS", "SAUBA", "SAUNT", "KANAS", "BUNAS", "TANKA", "STATS", "BASAN", "TANNA", "BUBBA", "SKANK", "STANS", "BANNS", "BUBAS", "TATUS", "KATAS", "ASANA", "ASTUN", "NANUA", "UNBAN", "TABUS", "TANKS", "ABUNA", "TAATA", "BASAS", "TUANS", "KUNAS", "TASKS", "NATAK", "NAUNT", "SKATS", "ATTAS", "BAUKS", "ABASK", "STANK", "TAKAS", "UNAUS", "TUNAS", "ANTAS", "SUNNA", "TABUN", "TASSA", "SAUNA", "SAUTS", "SANTS", "BABUS", "BANKS", "KANAT", "BASTS", "ANATA", "AUNTS", "BATTS", "NAATS", "SNABS", "BABKA", "BATTA", "NAANS", "AKKAS", "ANNAT", "TATTS", "SUTTA", "SUBAK", "SKATT", "TAUTS", "BATTU", "BASKS", "SUBAS", "BASTA", "ABUTS", "STATU", "NANTS", "BANAK", "NAKAS", "NABKS", "SKUAS", "KANTS", "ANKUS", "BUATS", "ANANA", "BANTS", "TAUNT", "STAUN", "ATUAS", "NASUS", "ANNUS", "TANAS", "ABAKA", "ABBAS", "BABAS", "KABAB", "TUBAS", "KAKAS", "NANNA"]', '[]', 510, '2025-12-04 08:24:46');
INSERT INTO daily_between (date, target_word, lower_bound, upper_bound, created_at) VALUES ('2025-11-29', 'BLADE', 'AAAA', 'ZZZZ', '2025-11-30 06:15:56');
INSERT INTO daily_between (date, target_word, lower_bound, upper_bound, created_at) VALUES ('2025-11-30', 'TIGER', 'AAAA', 'ZZZZ', '2025-11-30 08:30:42');
INSERT INTO daily_between (date, target_word, lower_bound, upper_bound, created_at) VALUES ('2025-12-01', 'HASTE', 'AAAA', 'ZZZZ', '2025-12-01 16:14:39');
INSERT INTO daily_between (date, target_word, lower_bound, upper_bound, created_at) VALUES ('2025-12-02', 'JOKER', 'AAAA', 'ZZZZ', '2025-12-02 08:00:44');
INSERT INTO daily_between (date, target_word, lower_bound, upper_bound, created_at) VALUES ('2025-12-03', 'NOBLE', 'AAAA', 'ZZZZ', '2025-12-03 08:01:34');
INSERT INTO daily_between (date, target_word, lower_bound, upper_bound, created_at) VALUES ('2025-12-04', 'WHALE', 'AAAA', 'ZZZZ', '2025-12-04 08:24:46');
INSERT INTO daily_phrases (date, phrase, category, created_at) VALUES ('2025-11-29', 'MAY THE FORCE BE WITH YOU', 'MOVIE QUOTE', '2025-11-30 06:15:56');
